Type,Name,Request Count,Failure Count,Median Response Time,Average Response Time,Min Response Time,Max Response Time,Average Content Size,Requests/s,Failures/s,50%,66%,75%,80%,90%,95%,98%,99%,99.9%,99.99%,100%
GET,/dev/,132,0,36,40.35968296212152,23.669459000018378,210.5660940000007,46.0,2.2353529140601625,0.0,36,40,42,44,51,60,110,190,210,210,210
GET,/dev/this-does-not-exist,149,149,35,40.63757094631106,22.66100499997492,271.1331840000071,22.0,2.5232392742042746,2.5232392742042746,35,40,41,44,54,59,130,180,270,270,270
,Aggregated,281,149,36,40.50703281850668,22.66100499997492,271.1331840000071,33.27402135231317,4.758592188264437,2.5232392742042746,36,40,42,44,54,59,130,190,270,270,270
