Type,Name,Request Count,Failure Count,Median Response Time,Average Response Time,Min Response Time,Max Response Time,Average Content Size,Requests/s,Failures/s,50%,66%,75%,80%,90%,95%,98%,99%,99.9%,99.99%,100%
GET,/dev/,130,0,23,25.26756812307597,15.945422999948278,81.35429699996166,42.0,2.2027203996581664,0.0,23,24,25,26,29,35,77,77,81,81,81
POST,/dev/items,142,0,38,43.58681280985871,27.357585999993717,382.70984999996926,81.0,2.4060484365496895,0.0,38,41,44,46,54,71,110,120,380,380,380
PUT,/dev/items,142,0,40,42.89470112675731,24.703681000005417,287.5294819999681,89.0,2.4060484365496895,0.0,40,45,50,52,59,60,62,80,290,290,290
DELETE,/dev/items?id=loadtest123,142,0,40,44.24415845070339,25.064318999966417,298.8445830000046,39.0,2.4060484365496895,0.0,40,44,54,55,60,61,80,98,300,300,300
GET,/dev/items?id=loadtest123,142,0,40,43.569821140836275,23.54787000001579,284.3831180000507,39.056338028169016,2.4060484365496895,0.0,40,44,52,54,60,61,72,97,280,280,280
,Aggregated,698,0,36,40.16438959455299,15.945422999948278,382.70984999996926,58.286532951289395,11.826914145856923,0.0,36,41,45,50,58,61,80,110,380,380,380
