Type,Name,Request Count,Failure Count,Median Response Time,Average Response Time,Min Response Time,Max Response Time,Average Content Size,Requests/s,Failures/s,50%,66%,75%,80%,90%,95%,98%,99%,99.9%,99.99%,100%
GET,/dev/,128,0,53,93.19057456249942,36.32442900000399,1074.592488999997,42.0,2.1732135049128094,0.0,53,57,60,67,200,240,1100,1100,1100,1100,1100
POST,/dev/items,122,0,79,138.06494408196696,43.981221000009896,1292.6819230000035,81.0,2.0713441218700215,0.0,79,91,95,99,160,300,1200,1200,1300,1300,1300
PUT,/dev/items,122,0,80,97.88218892623024,41.70563200000288,803.9120669999988,89.0,2.0713441218700215,0.0,80,93,99,100,110,270,280,280,800,800,800
DELETE,/dev/items?id=loadtest123,122,0,80,99.6899591885247,41.912592000002746,1257.3717590000088,39.0,2.0713441218700215,0.0,80,95,100,100,110,240,280,300,1300,1300,1300
GET,/dev/items?id=loadtest123,122,0,80,104.41040653278705,38.328164999995806,1374.9829549999931,39.0655737704918,2.0713441218700215,0.0,80,97,100,100,110,260,290,430,1400,1400,1400
,Aggregated,616,0,77,106.51653959253252,36.32442900000399,1374.9829549999931,57.857142857142854,10.458589992392895,0.0,77,86,99,100,130,260,400,1200,1400,1400,1400
