Type,Name,Request Count,Failure Count,Median Response Time,Average Response Time,Min Response Time,Max Response Time,Average Content Size,Requests/s,Failures/s,50%,66%,75%,80%,90%,95%,98%,99%,99.9%,99.99%,100%
GET,/dev/,133,0,56,61.037832939849665,46.33400599999504,213.6681249999981,46.0,2.253390681978502,0.0,56,60,62,63,64,67,210,210,210,210,210
GET,/dev/this-does-not-exist,151,151,55,62.27141156291485,46.560868000000255,361.78274400000987,22.0,2.5583608494643144,2.5583608494643144,55,59,61,61,65,73,170,190,360,360,360
,Aggregated,284,151,56,61.6937145316906,46.33400599999504,361.78274400000987,33.23943661971831,4.811751531442817,2.5583608494643144,56,59,61,62,65,70,180,210,360,360,360
