Type,Name,Request Count,Failure Count,Median Response Time,Average Response Time,Min Response Time,Max Response Time,Average Content Size,Requests/s,Failures/s,50%,66%,75%,80%,90%,95%,98%,99%,99.9%,99.99%,100%
GET,/dev/,128,0,59,64.4175538828127,50.30035400000088,190.24123900000234,46.0,2.1718368279072586,0.0,60,61,62,63,66,77,180,190,190,190,190
GET,/dev/this-does-not-exist,154,154,59,62.52669074675481,49.95280299999649,221.25594999999976,22.0,2.6129911835759203,2.6129911835759203,60,61,62,63,64,72,150,180,220,220,220
,Aggregated,282,154,59,63.38495486524915,49.95280299999649,221.25594999999976,32.8936170212766,4.784828011483179,2.6129911835759203,60,61,62,63,65,72,180,190,220,220,220
