Type,Name,Request Count,Failure Count,Median Response Time,Average Response Time,Min Response Time,Max Response Time,Average Content Size,Requests/s,Failures/s,50%,66%,75%,80%,90%,95%,98%,99%,99.9%,99.99%,100%
GET,/dev/,131,0,76,81.44340717557226,66.7462640000025,220.7173030000007,46.0,2.228574292325813,0.0,76,79,82,83,87,95,210,220,220,220,220
GET,/dev/this-does-not-exist,153,153,76,83.23333837254847,64.19167699999662,263.4223589999891,22.0,2.60283867729656,2.60283867729656,76,78,81,81,86,98,230,240,260,260,260
,Aggregated,284,153,76,82.40770109507002,64.19167699999662,263.4223589999891,33.070422535211264,4.831412969622373,2.60283867729656,76,79,81,82,87,95,220,240,260,260,260
