Type,Name,Request Count,Failure Count,Median Response Time,Average Response Time,Min Response Time,Max Response Time,Average Content Size,Requests/s,Failures/s,50%,66%,75%,80%,90%,95%,98%,99%,99.9%,99.99%,100%
GET,/dev/,129,0,92,100.61937812403106,83.95200100000011,313.5070729999825,42.0,2.184307468109796,0.0,92,93,95,96,100,130,280,280,310,310,310
POST,/dev/items,132,0,110.0,122.9825935151506,88.75693100003446,896.3973900000042,81.0,2.2351053162053724,0.0,110,110,120,120,130,280,360,370,900,900,900
PUT,/dev/items,131,0,100,107.49214499236797,92.92607700001554,146.8052139999827,89.0,2.2181727001735134,0.0,100,110,120,120,120,120,130,130,150,150,150
DELETE,/dev/items?id=loadtest123,131,0,100.0,107.25313017557302,90.82090100002915,140.04826000001458,39.0,2.2181727001735134,0.0,100,110,120,120,120,120,130,130,140,140,140
GET,/dev/items?id=loadtest123,131,0,100.0,107.02722600763295,90.09084699999903,142.4356779999698,38.99236641221374,2.2181727001735134,0.0,100,110,120,120,120,120,130,140,140,140,140
,Aggregated,654,0,100.0,109.12201800611648,83.95200100000011,896.3973900000042,58.08256880733945,11.07393088483571,0.0,100,110,110,120,120,130,140,310,900,900,900
