Type,Name,Request Count,Failure Count,Median Response Time,Average Response Time,Min Response Time,Max Response Time,Average Content Size,Requests/s,Failures/s,50%,66%,75%,80%,90%,95%,98%,99%,99.9%,99.99%,100%
GET,/dev/,141,0,40,66.43473504963599,21.425963999945452,418.5357499999327,42.0,2.3883233774370236,0.0,40,47,52,59,200,220,260,300,420,420,420
POST,/dev/items,127,0,62,87.36396948031648,42.51896599998872,1102.06226899993,81.0,2.151184886060298,0.0,62,71,77,80,99,250,270,490,1100,1100,1100
PUT,/dev/items,126,0,79,94.00632743651138,43.74519600003168,523.9545620000854,89.0,2.1342464223905315,0.0,79,80,81,84,220,260,280,280,520,520,520
DELETE,/dev/items?id=loadtest123,126,0,76,90.43769707143508,44.82889900009468,260.5749350000224,39.0,2.1342464223905315,0.0,76,80,86,94,230,250,250,260,260,260,260
GET,/dev/items?id=loadtest123,126,0,78,89.13682407936336,43.723505999992085,288.5140449999426,40.095238095238095,2.1342464223905315,0.0,79,80,84,95,100,250,270,280,290,290,290
,Aggregated,646,0,66,85.03670075541778,21.425963999945452,1102.06226899993,57.87770897832817,10.942247530668917,0.0,66,79,80,85,200,250,260,280,1100,1100,1100
