Type,Name,Request Count,Failure Count,Median Response Time,Average Response Time,Min Response Time,Max Response Time,Average Content Size,Requests/s,Failures/s,50%,66%,75%,80%,90%,95%,98%,99%,99.9%,99.99%,100%
GET,/dev/,139,0,31,35.25806600000022,23.926732000006723,125.7605339999941,46.0,2.3695530675293592,0.0,31,34,36,38,42,52,110,110,130,130,130
GET,/dev/this-does-not-exist,141,141,29,33.10630274468158,22.538224000015816,121.3515449999818,22.0,2.4036473562707887,2.4036473562707887,29,31,33,35,40,46,89,110,120,120,120
,Aggregated,280,141,30,34.174499503571894,22.538224000015816,125.7605339999941,33.91428571428571,4.773200423800148,2.4036473562707887,30,33,35,37,42,52,100,110,130,130,130
