Method,Name,Error,Occurrences
GET,/dev/dev/items?id=4c49d71c-70fa-4493-b99c-0bed0017184d,HTTPError('404 Client Error: Not Found for url: /dev/dev/items?id=4c49d71c-70fa-4493-b99c-0bed0017184d'),1
DELETE,/dev/dev/items?id=241f2876-7c41-4092-8a03-af86d992d47b,HTTPError('404 Client Error: Not Found for url: /dev/dev/items?id=241f2876-7c41-4092-8a03-af86d992d47b'),1
GET,/dev/dev/items?id=07904da3-c14b-4403-82c1-7164af1affc1,HTTPError('404 Client Error: Not Found for url: /dev/dev/items?id=07904da3-c14b-4403-82c1-7164af1affc1'),1
DELETE,/dev/dev/items?id=b4ae2fdf-9dad-45f2-993f-a9e91ba54ce5,HTTPError('404 Client Error: Not Found for url: /dev/dev/items?id=b4ae2fdf-9dad-45f2-993f-a9e91ba54ce5'),1
GET,/dev/dev/items?id=9b4ee2d7-fd2c-4950-a162-2f913a06fc21,HTTPError('404 Client Error: Not Found for url: /dev/dev/items?id=9b4ee2d7-fd2c-4950-a162-2f913a06fc21'),1
POST,/dev/dev/items,HTTPError('404 Client Error: Not Found for url: /dev/dev/items'),662
GET,/dev/dev/items?id=9de31886-f411-498d-8591-1064fa611ce9,HTTPError('404 Client Error: Not Found for url: /dev/dev/items?id=9de31886-f411-498d-8591-1064fa611ce9'),1
GET,/dev/dev/items?id=d70d9235-0bb6-473e-98db-ca71d7fe9d3c,HTTPError('404 Client Error: Not Found for url: /dev/dev/items?id=d70d9235-0bb6-473e-98db-ca71d7fe9d3c'),1
DELETE,/dev/dev/items?id=7b62a679-7726-48ef-b867-fbdf0be1ed4a,HTTPError('404 Client Error: Not Found for url: /dev/dev/items?id=7b62a679-7726-48ef-b867-fbdf0be1ed4a'),1
GET,/dev/dev/items?id=df056013-ee09-4b64-a4c8-f581e3d90b25,HTTPError('404 Client Error: Not Found for url: /dev/dev/items?id=df056013-ee09-4b64-a4c8-f581e3d90b25'),1
DELETE,/dev/dev/items?id=58562c97-ee0b-45ce-a20c-f04328f48d05,HTTPError('404 Client Error: Not Found for url: /dev/dev/items?id=58562c97-ee0b-45ce-a20c-f04328f48d05'),1
GET,/dev/dev/items?id=ef152b8d-a4d6-4e23-9c0c-67ae125692ac,HTTPError('404 Client Error: Not Found for url: /dev/dev/items?id=ef152b8d-a4d6-4e23-9c0c-67ae125692ac'),1
DELETE,/dev/dev/items?id=837e77f5-a986-43fa-b0aa-5667576a1549,HTTPError('404 Client Error: Not Found for url: /dev/dev/items?id=837e77f5-a986-43fa-b0aa-5667576a1549'),1
GET,/dev/dev/items?id=413184ac-7219-4c19-88b3-10df9ed2696c,HTTPError('404 Client Error: Not Found for url: /dev/dev/items?id=413184ac-7219-4c19-88b3-10df9ed2696c'),1
DELETE,/dev/dev/items?id=6825cfeb-22ab-427c-92c6-e588bd89367d,HTTPError('404 Client Error: Not Found for url: /dev/dev/items?id=6825cfeb-22ab-427c-92c6-e588bd89367d'),1
GET,/dev/dev/items?id=b9f9e027-79f3-4372-9df2-21a93cd1b66c,HTTPError('404 Client Error: Not Found for url: /dev/dev/items?id=b9f9e027-79f3-4372-9df2-21a93cd1b66c'),1
DELETE,/dev/dev/items?id=f196a5ba-bea1-4545-836b-c6cdc16cb1c3,HTTPError('404 Client Error: Not Found for url: /dev/dev/items?id=f196a5ba-bea1-4545-836b-c6cdc16cb1c3'),1
DELETE,/dev/dev/items?id=a3c80f6d-7ca1-4445-9012-1317027e8b2c,HTTPError('404 Client Error: Not Found for url: /dev/dev/items?id=a3c80f6d-7ca1-4445-9012-1317027e8b2c'),1
GET,/dev/dev/items?id=7d34239e-3aa9-48a0-b465-00bee7adf8a7,HTTPError('404 Client Error: Not Found for url: /dev/dev/items?id=7d34239e-3aa9-48a0-b465-00bee7adf8a7'),1
DELETE,/dev/dev/items?id=03c58a2a-933b-4f43-9992-0851e859d608,HTTPError('404 Client Error: Not Found for url: /dev/dev/items?id=03c58a2a-933b-4f43-9992-0851e859d608'),1
GET,/dev/dev/items?id=261ccf2e-2c98-43cd-8f55-ac906e4a48c5,HTTPError('404 Client Error: Not Found for url: /dev/dev/items?id=261ccf2e-2c98-43cd-8f55-ac906e4a48c5'),1
DELETE,/dev/dev/items?id=500b816a-03d5-4ba2-a87b-e6bcafa00ec1,HTTPError('404 Client Error: Not Found for url: /dev/dev/items?id=500b816a-03d5-4ba2-a87b-e6bcafa00ec1'),1
GET,/dev/dev/items?id=35238a30-052d-4bde-b8f1-a857531018b3,HTTPError('404 Client Error: Not Found for url: /dev/dev/items?id=35238a30-052d-4bde-b8f1-a857531018b3'),1
DELETE,/dev/dev/items?id=58f9859a-2f23-42f7-90d4-106989d92bb2,HTTPError('404 Client Error: Not Found for url: /dev/dev/items?id=58f9859a-2f23-42f7-90d4-106989d92bb2'),1
DELETE,/dev/dev/items?id=2d2306f9-36c7-4ff0-a07a-5be9c93a52af,HTTPError('404 Client Error: Not Found for url: /dev/dev/items?id=2d2306f9-36c7-4ff0-a07a-5be9c93a52af'),1
DELETE,/dev/dev/items?id=9ef80210-bb03-46fb-ad3d-8af4ad04b7df,HTTPError('404 Client Error: Not Found for url: /dev/dev/items?id=9ef80210-bb03-46fb-ad3d-8af4ad04b7df'),1
DELETE,/dev/dev/items?id=6bd26fa1-f5e2-4e44-b07c-e50c0e7863f6,HTTPError('404 Client Error: Not Found for url: /dev/dev/items?id=6bd26fa1-f5e2-4e44-b07c-e50c0e7863f6'),1
GET,/dev/dev/items?id=b7c87eae-8e13-4b80-bdba-b0b3ea7c81c2,HTTPError('404 Client Error: Not Found for url: /dev/dev/items?id=b7c87eae-8e13-4b80-bdba-b0b3ea7c81c2'),1
GET,/dev/dev/items?id=dfcf625d-5561-4063-a068-6acee990e2c1,HTTPError('404 Client Error: Not Found for url: /dev/dev/items?id=dfcf625d-5561-4063-a068-6acee990e2c1'),1
DELETE,/dev/dev/items?id=c3b00f45-eaf0-426a-b926-4cca6db30161,HTTPError('404 Client Error: Not Found for url: /dev/dev/items?id=c3b00f45-eaf0-426a-b926-4cca6db30161'),1
DELETE,/dev/dev/items?id=97f87d7c-3f15-47bb-b2c2-c8151ee5cef6,HTTPError('404 Client Error: Not Found for url: /dev/dev/items?id=97f87d7c-3f15-47bb-b2c2-c8151ee5cef6'),1
DELETE,/dev/dev/items?id=365173df-e4bb-463c-9232-8901ddd0e252,HTTPError('404 Client Error: Not Found for url: /dev/dev/items?id=365173df-e4bb-463c-9232-8901ddd0e252'),1
DELETE,/dev/dev/items?id=cb6348de-485f-4d4c-809f-9cac946b2456,HTTPError('404 Client Error: Not Found for url: /dev/dev/items?id=cb6348de-485f-4d4c-809f-9cac946b2456'),1
GET,/dev/dev/items?id=dcdc0cc7-bc06-49ed-85de-d28074a23281,HTTPError('404 Client Error: Not Found for url: /dev/dev/items?id=dcdc0cc7-bc06-49ed-85de-d28074a23281'),1
GET,/dev/dev/items?id=8b370c50-b859-4c44-b01a-af9b17bd5657,HTTPError('404 Client Error: Not Found for url: /dev/dev/items?id=8b370c50-b859-4c44-b01a-af9b17bd5657'),1
GET,/dev/dev/items?id=222e705a-d2b7-4c01-866a-86e8fe0f024e,HTTPError('404 Client Error: Not Found for url: /dev/dev/items?id=222e705a-d2b7-4c01-866a-86e8fe0f024e'),1
DELETE,/dev/dev/items?id=3f1654ed-4255-449d-a283-16dfc87f1d6b,HTTPError('404 Client Error: Not Found for url: /dev/dev/items?id=3f1654ed-4255-449d-a283-16dfc87f1d6b'),1
GET,/dev/dev/items?id=ff93c986-9282-487a-97a9-9c7f4e5c4287,HTTPError('404 Client Error: Not Found for url: /dev/dev/items?id=ff93c986-9282-487a-97a9-9c7f4e5c4287'),1
DELETE,/dev/dev/items?id=7124c75d-bfe8-45f6-b123-851bbbfbedf8,HTTPError('404 Client Error: Not Found for url: /dev/dev/items?id=7124c75d-bfe8-45f6-b123-851bbbfbedf8'),1
DELETE,/dev/dev/items?id=a28743fe-b058-4f77-9907-f5df56fc20cb,HTTPError('404 Client Error: Not Found for url: /dev/dev/items?id=a28743fe-b058-4f77-9907-f5df56fc20cb'),1
GET,/dev/dev/items?id=16faab91-920f-4d08-8a8e-232911a288bc,HTTPError('404 Client Error: Not Found for url: /dev/dev/items?id=16faab91-920f-4d08-8a8e-232911a288bc'),1
DELETE,/dev/dev/items?id=37c74b04-10c3-484d-a5e2-53806a639ceb,HTTPError('404 Client Error: Not Found for url: /dev/dev/items?id=37c74b04-10c3-484d-a5e2-53806a639ceb'),1
DELETE,/dev/dev/items?id=02aec444-9306-4ea2-90d5-94b9e4e39537,HTTPError('404 Client Error: Not Found for url: /dev/dev/items?id=02aec444-9306-4ea2-90d5-94b9e4e39537'),1
GET,/dev/dev/items?id=3f15208e-450e-49f8-a1d6-c6961381a3a2,HTTPError('404 Client Error: Not Found for url: /dev/dev/items?id=3f15208e-450e-49f8-a1d6-c6961381a3a2'),1
GET,/dev/dev/items?id=7167273c-7b71-4a63-8cde-e88105ca453c,HTTPError('404 Client Error: Not Found for url: /dev/dev/items?id=7167273c-7b71-4a63-8cde-e88105ca453c'),1
DELETE,/dev/dev/items?id=39ecec76-ffbc-46ed-9b7a-82985b6d6988,HTTPError('404 Client Error: Not Found for url: /dev/dev/items?id=39ecec76-ffbc-46ed-9b7a-82985b6d6988'),1
DELETE,/dev/dev/items?id=e94fb0bf-9285-4047-8e9f-a92a150257bf,HTTPError('404 Client Error: Not Found for url: /dev/dev/items?id=e94fb0bf-9285-4047-8e9f-a92a150257bf'),1
GET,/dev/dev/items?id=b0c05b88-71aa-4d79-bdfa-aab82c004a8d,HTTPError('404 Client Error: Not Found for url: /dev/dev/items?id=b0c05b88-71aa-4d79-bdfa-aab82c004a8d'),1
GET,/dev/dev/items?id=e06d79c4-08a1-4714-ae72-74b32092a9ac,HTTPError('404 Client Error: Not Found for url: /dev/dev/items?id=e06d79c4-08a1-4714-ae72-74b32092a9ac'),1
DELETE,/dev/dev/items?id=e8474eef-939e-4932-9321-f5ec3993c4c3,HTTPError('404 Client Error: Not Found for url: /dev/dev/items?id=e8474eef-939e-4932-9321-f5ec3993c4c3'),1
DELETE,/dev/dev/items?id=d1be4107-e6d8-417e-bd0f-a602289fcf20,HTTPError('404 Client Error: Not Found for url: /dev/dev/items?id=d1be4107-e6d8-417e-bd0f-a602289fcf20'),1
DELETE,/dev/dev/items?id=3dc1925d-e7b0-4842-b3f6-8cee737d0b4e,HTTPError('404 Client Error: Not Found for url: /dev/dev/items?id=3dc1925d-e7b0-4842-b3f6-8cee737d0b4e'),1
DELETE,/dev/dev/items?id=30b1ec5f-8371-4432-9c76-ca72e43ffd4f,HTTPError('404 Client Error: Not Found for url: /dev/dev/items?id=30b1ec5f-8371-4432-9c76-ca72e43ffd4f'),1
DELETE,/dev/dev/items?id=47136b41-ffcf-43a2-989c-4853bb697f12,HTTPError('404 Client Error: Not Found for url: /dev/dev/items?id=47136b41-ffcf-43a2-989c-4853bb697f12'),1
GET,/dev/dev/items?id=1ab8f319-2216-44c1-a0f3-93ec082d7468,HTTPError('404 Client Error: Not Found for url: /dev/dev/items?id=1ab8f319-2216-44c1-a0f3-93ec082d7468'),1
DELETE,/dev/dev/items?id=cff89e39-fc55-4f00-8951-aa4327f3f35c,HTTPError('404 Client Error: Not Found for url: /dev/dev/items?id=cff89e39-fc55-4f00-8951-aa4327f3f35c'),1
DELETE,/dev/dev/items?id=dd5475c9-f78e-413a-a43d-0a6ea7c312c9,HTTPError('404 Client Error: Not Found for url: /dev/dev/items?id=dd5475c9-f78e-413a-a43d-0a6ea7c312c9'),1
DELETE,/dev/dev/items?id=d26d4580-9cac-4fdc-9ea4-7bd2d348f610,HTTPError('404 Client Error: Not Found for url: /dev/dev/items?id=d26d4580-9cac-4fdc-9ea4-7bd2d348f610'),1
DELETE,/dev/dev/items?id=d8157383-9a27-4e50-9426-202565636b98,HTTPError('404 Client Error: Not Found for url: /dev/dev/items?id=d8157383-9a27-4e50-9426-202565636b98'),1
DELETE,/dev/dev/items?id=391991c3-9966-4285-9baa-ae60fc2aa879,HTTPError('404 Client Error: Not Found for url: /dev/dev/items?id=391991c3-9966-4285-9baa-ae60fc2aa879'),1
GET,/dev/dev/items?id=526550cc-c33b-4a92-bc22-5d4f61e5be19,HTTPError('404 Client Error: Not Found for url: /dev/dev/items?id=526550cc-c33b-4a92-bc22-5d4f61e5be19'),1
GET,/dev/dev/items?id=11b50646-586c-4c48-9cc4-3d313445f729,HTTPError('404 Client Error: Not Found for url: /dev/dev/items?id=11b50646-586c-4c48-9cc4-3d313445f729'),1
DELETE,/dev/dev/items?id=ca664f67-dc90-458b-9cc0-52c260f95105,HTTPError('404 Client Error: Not Found for url: /dev/dev/items?id=ca664f67-dc90-458b-9cc0-52c260f95105'),1
GET,/dev/dev/items?id=3d107417-f97c-43a9-bbc5-116bb35331c3,HTTPError('404 Client Error: Not Found for url: /dev/dev/items?id=3d107417-f97c-43a9-bbc5-116bb35331c3'),1
DELETE,/dev/dev/items?id=1297cdb1-ae04-4c68-8017-169a35f1291b,HTTPError('404 Client Error: Not Found for url: /dev/dev/items?id=1297cdb1-ae04-4c68-8017-169a35f1291b'),1
DELETE,/dev/dev/items?id=ca5f12a3-e39b-4f69-850e-d442b97ddd18,HTTPError('404 Client Error: Not Found for url: /dev/dev/items?id=ca5f12a3-e39b-4f69-850e-d442b97ddd18'),1
DELETE,/dev/dev/items?id=e1d95cf2-4323-42f5-aa07-d568d2eace29,HTTPError('404 Client Error: Not Found for url: /dev/dev/items?id=e1d95cf2-4323-42f5-aa07-d568d2eace29'),1
GET,/dev/dev/items?id=6b19225f-fa6c-4c29-ada9-ba79d7c57c9d,HTTPError('404 Client Error: Not Found for url: /dev/dev/items?id=6b19225f-fa6c-4c29-ada9-ba79d7c57c9d'),1
DELETE,/dev/dev/items?id=eb0649ae-b56a-4f13-aab9-acc5632abc04,HTTPError('404 Client Error: Not Found for url: /dev/dev/items?id=eb0649ae-b56a-4f13-aab9-acc5632abc04'),1
GET,/dev/dev/items?id=29940575-715f-49d0-8189-9f7a798a879f,HTTPError('404 Client Error: Not Found for url: /dev/dev/items?id=29940575-715f-49d0-8189-9f7a798a879f'),1
DELETE,/dev/dev/items?id=41c428a6-53d4-487c-9438-b33b46be54c9,HTTPError('404 Client Error: Not Found for url: /dev/dev/items?id=41c428a6-53d4-487c-9438-b33b46be54c9'),1
GET,/dev/dev/items?id=dbe31645-42c7-48a0-b1c5-31313b78e41f,HTTPError('404 Client Error: Not Found for url: /dev/dev/items?id=dbe31645-42c7-48a0-b1c5-31313b78e41f'),1
DELETE,/dev/dev/items?id=fb725688-31ed-4373-8368-014fdbac551f,HTTPError('404 Client Error: Not Found for url: /dev/dev/items?id=fb725688-31ed-4373-8368-014fdbac551f'),1
DELETE,/dev/dev/items?id=8f1fcfa2-cf11-411b-b2ed-194703fd3ddd,HTTPError('404 Client Error: Not Found for url: /dev/dev/items?id=8f1fcfa2-cf11-411b-b2ed-194703fd3ddd'),1
DELETE,/dev/dev/items?id=b7d58d50-d17d-4e2b-8e66-e055748b6b4e,HTTPError('404 Client Error: Not Found for url: /dev/dev/items?id=b7d58d50-d17d-4e2b-8e66-e055748b6b4e'),1
DELETE,/dev/dev/items?id=d68ad665-7dd6-45a0-9539-0447c8946bbc,HTTPError('404 Client Error: Not Found for url: /dev/dev/items?id=d68ad665-7dd6-45a0-9539-0447c8946bbc'),1
DELETE,/dev/dev/items?id=09c296bb-709d-47bc-a333-03c0e902394c,HTTPError('404 Client Error: Not Found for url: /dev/dev/items?id=09c296bb-709d-47bc-a333-03c0e902394c'),1
DELETE,/dev/dev/items?id=190a87d8-640b-414f-aada-507b3831d06b,HTTPError('404 Client Error: Not Found for url: /dev/dev/items?id=190a87d8-640b-414f-aada-507b3831d06b'),1
DELETE,/dev/dev/items?id=6134b798-3353-4843-a5eb-e986c17a3d3c,HTTPError('404 Client Error: Not Found for url: /dev/dev/items?id=6134b798-3353-4843-a5eb-e986c17a3d3c'),1
GET,/dev/dev/items?id=cd768ede-0fcb-4516-b20e-e7572071ba3a,HTTPError('404 Client Error: Not Found for url: /dev/dev/items?id=cd768ede-0fcb-4516-b20e-e7572071ba3a'),1
GET,/dev/dev/items?id=60a94209-fc81-4ead-9554-0eb059e61553,HTTPError('404 Client Error: Not Found for url: /dev/dev/items?id=60a94209-fc81-4ead-9554-0eb059e61553'),1
DELETE,/dev/dev/items?id=78e6f864-51e0-45b6-bc30-2d936ca45faa,HTTPError('404 Client Error: Not Found for url: /dev/dev/items?id=78e6f864-51e0-45b6-bc30-2d936ca45faa'),1
GET,/dev/dev/items?id=9c5f6bf9-6e72-4427-8bc2-f5e0e359cbb4,HTTPError('404 Client Error: Not Found for url: /dev/dev/items?id=9c5f6bf9-6e72-4427-8bc2-f5e0e359cbb4'),1
GET,/dev/dev/items?id=cca37ce4-fd8a-4e72-9d44-e9cce6b50f66,HTTPError('404 Client Error: Not Found for url: /dev/dev/items?id=cca37ce4-fd8a-4e72-9d44-e9cce6b50f66'),1
GET,/dev/dev/items?id=09c296bb-709d-47bc-a333-03c0e902394c,HTTPError('404 Client Error: Not Found for url: /dev/dev/items?id=09c296bb-709d-47bc-a333-03c0e902394c'),1
DELETE,/dev/dev/items?id=8d9738e0-ef80-4f48-a251-6723b283f5e3,HTTPError('404 Client Error: Not Found for url: /dev/dev/items?id=8d9738e0-ef80-4f48-a251-6723b283f5e3'),1
GET,/dev/dev/items?id=95b6d8bf-9009-4607-914e-d79cd7c2611b,HTTPError('404 Client Error: Not Found for url: /dev/dev/items?id=95b6d8bf-9009-4607-914e-d79cd7c2611b'),1
GET,/dev/dev/items?id=e950a17d-95ad-43d6-bc4b-f85ec0cc0538,HTTPError('404 Client Error: Not Found for url: /dev/dev/items?id=e950a17d-95ad-43d6-bc4b-f85ec0cc0538'),1
DELETE,/dev/dev/items?id=7e0881a3-cbfd-4f6a-87f4-97c52d31f2eb,HTTPError('404 Client Error: Not Found for url: /dev/dev/items?id=7e0881a3-cbfd-4f6a-87f4-97c52d31f2eb'),1
DELETE,/dev/dev/items?id=b65f075c-bb49-4b04-b793-907c782d596a,HTTPError('404 Client Error: Not Found for url: /dev/dev/items?id=b65f075c-bb49-4b04-b793-907c782d596a'),1
DELETE,/dev/dev/items?id=7c441957-887b-4596-9357-35574183c26f,HTTPError('404 Client Error: Not Found for url: /dev/dev/items?id=7c441957-887b-4596-9357-35574183c26f'),1
GET,/dev/dev/items?id=8a36f02f-60fc-4837-9ac3-9806b1b6b536,HTTPError('404 Client Error: Not Found for url: /dev/dev/items?id=8a36f02f-60fc-4837-9ac3-9806b1b6b536'),1
DELETE,/dev/dev/items?id=6cdfac59-8101-43ad-9397-4d5dc75e4c55,HTTPError('404 Client Error: Not Found for url: /dev/dev/items?id=6cdfac59-8101-43ad-9397-4d5dc75e4c55'),1
DELETE,/dev/dev/items?id=5705d932-04b7-4117-9791-6562602a66a7,HTTPError('404 Client Error: Not Found for url: /dev/dev/items?id=5705d932-04b7-4117-9791-6562602a66a7'),1
DELETE,/dev/dev/items?id=aab262e8-cef1-4686-b9f4-fffd17689569,HTTPError('404 Client Error: Not Found for url: /dev/dev/items?id=aab262e8-cef1-4686-b9f4-fffd17689569'),1
GET,/dev/dev/items?id=27ca946b-4a01-46d6-833d-312cf1f24d6c,HTTPError('404 Client Error: Not Found for url: /dev/dev/items?id=27ca946b-4a01-46d6-833d-312cf1f24d6c'),1
GET,/dev/dev/items?id=3ccf5d7d-3523-494d-a7fe-c8dc35d52170,HTTPError('404 Client Error: Not Found for url: /dev/dev/items?id=3ccf5d7d-3523-494d-a7fe-c8dc35d52170'),1
GET,/dev/dev/items?id=0e58deea-a9e4-43e2-a701-c3423273a7a8,HTTPError('404 Client Error: Not Found for url: /dev/dev/items?id=0e58deea-a9e4-43e2-a701-c3423273a7a8'),1
DELETE,/dev/dev/items?id=e600536d-eb91-4a27-b330-604c0aa3cdd1,HTTPError('404 Client Error: Not Found for url: /dev/dev/items?id=e600536d-eb91-4a27-b330-604c0aa3cdd1'),1
DELETE,/dev/dev/items?id=3e45fc2b-b7e8-48e1-bbda-d278ee6001af,HTTPError('404 Client Error: Not Found for url: /dev/dev/items?id=3e45fc2b-b7e8-48e1-bbda-d278ee6001af'),1
DELETE,/dev/dev/items?id=4865b948-798e-4184-98b7-e0828b70bbea,HTTPError('404 Client Error: Not Found for url: /dev/dev/items?id=4865b948-798e-4184-98b7-e0828b70bbea'),1
DELETE,/dev/dev/items?id=08033771-14a6-4a4c-bb8b-b063c92345a5,HTTPError('404 Client Error: Not Found for url: /dev/dev/items?id=08033771-14a6-4a4c-bb8b-b063c92345a5'),1
GET,/dev/dev/items?id=a7f2aadb-019c-4183-9a6e-b435577fcb2b,HTTPError('404 Client Error: Not Found for url: /dev/dev/items?id=a7f2aadb-019c-4183-9a6e-b435577fcb2b'),1
DELETE,/dev/dev/items?id=62410241-4a22-474e-952e-755d3bea106e,HTTPError('404 Client Error: Not Found for url: /dev/dev/items?id=62410241-4a22-474e-952e-755d3bea106e'),1
GET,/dev/dev/items?id=66954eca-4d10-4e61-8e50-8d61109b5bd0,HTTPError('404 Client Error: Not Found for url: /dev/dev/items?id=66954eca-4d10-4e61-8e50-8d61109b5bd0'),1
DELETE,/dev/dev/items?id=c897405d-9118-4148-bad3-617ea4714cca,HTTPError('404 Client Error: Not Found for url: /dev/dev/items?id=c897405d-9118-4148-bad3-617ea4714cca'),1
GET,/dev/dev/items?id=523ceebe-3dae-4624-bb72-4f43dc983ea0,HTTPError('404 Client Error: Not Found for url: /dev/dev/items?id=523ceebe-3dae-4624-bb72-4f43dc983ea0'),1
DELETE,/dev/dev/items?id=66a63f76-54ed-4844-9d66-01911762fcb0,HTTPError('404 Client Error: Not Found for url: /dev/dev/items?id=66a63f76-54ed-4844-9d66-01911762fcb0'),1
DELETE,/dev/dev/items?id=b9e49d64-db99-4fdf-8812-e2d5a5d8438b,HTTPError('404 Client Error: Not Found for url: /dev/dev/items?id=b9e49d64-db99-4fdf-8812-e2d5a5d8438b'),1
GET,/dev/dev/items?id=63bf24a9-7e9a-436f-97bb-91796b946515,HTTPError('404 Client Error: Not Found for url: /dev/dev/items?id=63bf24a9-7e9a-436f-97bb-91796b946515'),1
DELETE,/dev/dev/items?id=bd04b6f9-2f9f-4a07-bfe9-c25ddd0d4096,HTTPError('404 Client Error: Not Found for url: /dev/dev/items?id=bd04b6f9-2f9f-4a07-bfe9-c25ddd0d4096'),1
DELETE,/dev/dev/items?id=80d6ddac-7e46-4822-bc8d-fc18fb9a8b4a,HTTPError('404 Client Error: Not Found for url: /dev/dev/items?id=80d6ddac-7e46-4822-bc8d-fc18fb9a8b4a'),1
DELETE,/dev/dev/items?id=16faab91-920f-4d08-8a8e-232911a288bc,HTTPError('404 Client Error: Not Found for url: /dev/dev/items?id=16faab91-920f-4d08-8a8e-232911a288bc'),1
GET,/dev/dev/items?id=ae106f77-f246-47b9-ac51-5f9a2f77aadf,HTTPError('404 Client Error: Not Found for url: /dev/dev/items?id=ae106f77-f246-47b9-ac51-5f9a2f77aadf'),1
DELETE,/dev/dev/items?id=daf4c82a-868d-4c5c-ae5c-e9cd47903a02,HTTPError('404 Client Error: Not Found for url: /dev/dev/items?id=daf4c82a-868d-4c5c-ae5c-e9cd47903a02'),1
GET,/dev/dev/items?id=a6c64deb-44f5-42e0-9252-142928887115,HTTPError('404 Client Error: Not Found for url: /dev/dev/items?id=a6c64deb-44f5-42e0-9252-142928887115'),1
GET,/dev/dev/items?id=35fad554-027e-41a3-91fe-93624ea9b1ee,HTTPError('404 Client Error: Not Found for url: /dev/dev/items?id=35fad554-027e-41a3-91fe-93624ea9b1ee'),1
DELETE,/dev/dev/items?id=6d6b5727-9d91-4436-ad4c-438815562796,HTTPError('404 Client Error: Not Found for url: /dev/dev/items?id=6d6b5727-9d91-4436-ad4c-438815562796'),1
GET,/dev/dev/items?id=5a3b40b1-f5c6-479a-bd38-325b747c24af,HTTPError('404 Client Error: Not Found for url: /dev/dev/items?id=5a3b40b1-f5c6-479a-bd38-325b747c24af'),1
DELETE,/dev/dev/items?id=b0c05b88-71aa-4d79-bdfa-aab82c004a8d,HTTPError('404 Client Error: Not Found for url: /dev/dev/items?id=b0c05b88-71aa-4d79-bdfa-aab82c004a8d'),1
DELETE,/dev/dev/items?id=c13aeac1-f082-41d8-9dd2-d311724e8fb2,HTTPError('404 Client Error: Not Found for url: /dev/dev/items?id=c13aeac1-f082-41d8-9dd2-d311724e8fb2'),1
GET,/dev/dev/items?id=1dcecfec-3b48-497c-86fc-d5d0b87ef8be,HTTPError('404 Client Error: Not Found for url: /dev/dev/items?id=1dcecfec-3b48-497c-86fc-d5d0b87ef8be'),1
DELETE,/dev/dev/items?id=acb6d85b-8fe9-4163-9b47-8c37c8c45d68,HTTPError('404 Client Error: Not Found for url: /dev/dev/items?id=acb6d85b-8fe9-4163-9b47-8c37c8c45d68'),1
GET,/dev/dev/items?id=b8b0501e-5c5b-4a13-ae7b-832701aa99fe,HTTPError('404 Client Error: Not Found for url: /dev/dev/items?id=b8b0501e-5c5b-4a13-ae7b-832701aa99fe'),1
DELETE,/dev/dev/items?id=d77c7f80-903a-467c-bee1-2b38add30e60,HTTPError('404 Client Error: Not Found for url: /dev/dev/items?id=d77c7f80-903a-467c-bee1-2b38add30e60'),1
DELETE,/dev/dev/items?id=dbc22d25-2cec-4321-97ca-049128f119b3,HTTPError('404 Client Error: Not Found for url: /dev/dev/items?id=dbc22d25-2cec-4321-97ca-049128f119b3'),1
GET,/dev/dev/items?id=ddd64da5-7608-4c91-aad4-6f21a1e705e6,HTTPError('404 Client Error: Not Found for url: /dev/dev/items?id=ddd64da5-7608-4c91-aad4-6f21a1e705e6'),1
DELETE,/dev/dev/items?id=3ccf5d7d-3523-494d-a7fe-c8dc35d52170,HTTPError('404 Client Error: Not Found for url: /dev/dev/items?id=3ccf5d7d-3523-494d-a7fe-c8dc35d52170'),1
DELETE,/dev/dev/items?id=7d130d48-ae03-4e86-b6cd-ad4bb373adc1,HTTPError('404 Client Error: Not Found for url: /dev/dev/items?id=7d130d48-ae03-4e86-b6cd-ad4bb373adc1'),1
GET,/dev/dev/items?id=e6bd765e-a2a6-424f-aba0-24523da61bf5,HTTPError('404 Client Error: Not Found for url: /dev/dev/items?id=e6bd765e-a2a6-424f-aba0-24523da61bf5'),1
DELETE,/dev/dev/items?id=cd768ede-0fcb-4516-b20e-e7572071ba3a,HTTPError('404 Client Error: Not Found for url: /dev/dev/items?id=cd768ede-0fcb-4516-b20e-e7572071ba3a'),1
DELETE,/dev/dev/items?id=b5e464dd-9522-4bf6-81dd-9221c0221ac0,HTTPError('404 Client Error: Not Found for url: /dev/dev/items?id=b5e464dd-9522-4bf6-81dd-9221c0221ac0'),1
GET,/dev/dev/items?id=37fb3294-bde6-47a3-8bdc-c8e69e4edb5b,HTTPError('404 Client Error: Not Found for url: /dev/dev/items?id=37fb3294-bde6-47a3-8bdc-c8e69e4edb5b'),1
GET,/dev/dev/items?id=c06148f3-5a44-4f14-bd4e-f31e950f4b27,HTTPError('404 Client Error: Not Found for url: /dev/dev/items?id=c06148f3-5a44-4f14-bd4e-f31e950f4b27'),1
GET,/dev/dev/items?id=39b502b6-312a-4e76-92ca-62cf5135ee5c,HTTPError('404 Client Error: Not Found for url: /dev/dev/items?id=39b502b6-312a-4e76-92ca-62cf5135ee5c'),1
DELETE,/dev/dev/items?id=252842f8-e9b0-468c-bc64-39d294a3b40c,HTTPError('404 Client Error: Not Found for url: /dev/dev/items?id=252842f8-e9b0-468c-bc64-39d294a3b40c'),1
GET,/dev/dev/items?id=2cfc5730-990c-4edf-b24b-da87021d36a9,HTTPError('404 Client Error: Not Found for url: /dev/dev/items?id=2cfc5730-990c-4edf-b24b-da87021d36a9'),1
GET,/dev/dev/items?id=ca156e69-fe7f-4c39-b06d-97501c9c345e,HTTPError('404 Client Error: Not Found for url: /dev/dev/items?id=ca156e69-fe7f-4c39-b06d-97501c9c345e'),1
DELETE,/dev/dev/items?id=8a2e5a35-4bf9-4f37-97dd-5d45c367479e,HTTPError('404 Client Error: Not Found for url: /dev/dev/items?id=8a2e5a35-4bf9-4f37-97dd-5d45c367479e'),1
GET,/dev/dev/items?id=d73096ee-fc85-4708-9aa1-5b7ab65909c1,HTTPError('404 Client Error: Not Found for url: /dev/dev/items?id=d73096ee-fc85-4708-9aa1-5b7ab65909c1'),1
GET,/dev/dev/items?id=1d55056e-9ee5-43b9-b6c7-b3ee37a4179e,HTTPError('404 Client Error: Not Found for url: /dev/dev/items?id=1d55056e-9ee5-43b9-b6c7-b3ee37a4179e'),1
DELETE,/dev/dev/items?id=596a2220-0095-4221-90ad-a3498b207dd7,HTTPError('404 Client Error: Not Found for url: /dev/dev/items?id=596a2220-0095-4221-90ad-a3498b207dd7'),1
GET,/dev/dev/items?id=1755b36b-380e-4296-9851-85ca2b5dfa51,HTTPError('404 Client Error: Not Found for url: /dev/dev/items?id=1755b36b-380e-4296-9851-85ca2b5dfa51'),1
DELETE,/dev/dev/items?id=b70266f9-996b-49cf-ab8d-0d41889331de,HTTPError('404 Client Error: Not Found for url: /dev/dev/items?id=b70266f9-996b-49cf-ab8d-0d41889331de'),1
DELETE,/dev/dev/items?id=df056013-ee09-4b64-a4c8-f581e3d90b25,HTTPError('404 Client Error: Not Found for url: /dev/dev/items?id=df056013-ee09-4b64-a4c8-f581e3d90b25'),1
DELETE,/dev/dev/items?id=d1ccd70e-bd64-4448-af4e-40d0b1a0c701,HTTPError('404 Client Error: Not Found for url: /dev/dev/items?id=d1ccd70e-bd64-4448-af4e-40d0b1a0c701'),1
DELETE,/dev/dev/items?id=35fad554-027e-41a3-91fe-93624ea9b1ee,HTTPError('404 Client Error: Not Found for url: /dev/dev/items?id=35fad554-027e-41a3-91fe-93624ea9b1ee'),1
DELETE,/dev/dev/items?id=cb378ad1-892a-45d0-a396-802818bd999c,HTTPError('404 Client Error: Not Found for url: /dev/dev/items?id=cb378ad1-892a-45d0-a396-802818bd999c'),1
GET,/dev/dev/items?id=235201e9-f1a2-4dd0-8980-25b76ce9e08d,HTTPError('404 Client Error: Not Found for url: /dev/dev/items?id=235201e9-f1a2-4dd0-8980-25b76ce9e08d'),1
DELETE,/dev/dev/items?id=c4d93ad1-b800-4abf-833b-e6e2359381ce,HTTPError('404 Client Error: Not Found for url: /dev/dev/items?id=c4d93ad1-b800-4abf-833b-e6e2359381ce'),1
DELETE,/dev/dev/items?id=25ffad98-d6bc-44cc-985d-855a433faa49,HTTPError('404 Client Error: Not Found for url: /dev/dev/items?id=25ffad98-d6bc-44cc-985d-855a433faa49'),1
DELETE,/dev/dev/items?id=80f3b337-b346-49e4-9a2b-ac28a2e60e2d,HTTPError('404 Client Error: Not Found for url: /dev/dev/items?id=80f3b337-b346-49e4-9a2b-ac28a2e60e2d'),1
GET,/dev/dev/items?id=6bd26fa1-f5e2-4e44-b07c-e50c0e7863f6,HTTPError('404 Client Error: Not Found for url: /dev/dev/items?id=6bd26fa1-f5e2-4e44-b07c-e50c0e7863f6'),1
GET,/dev/dev/items?id=631bd548-08ee-416d-b0df-0440eb433ba4,HTTPError('404 Client Error: Not Found for url: /dev/dev/items?id=631bd548-08ee-416d-b0df-0440eb433ba4'),1
DELETE,/dev/dev/items?id=413184ac-7219-4c19-88b3-10df9ed2696c,HTTPError('404 Client Error: Not Found for url: /dev/dev/items?id=413184ac-7219-4c19-88b3-10df9ed2696c'),1
DELETE,/dev/dev/items?id=a45acb8c-af62-4729-88fa-485e51305580,HTTPError('404 Client Error: Not Found for url: /dev/dev/items?id=a45acb8c-af62-4729-88fa-485e51305580'),1
DELETE,/dev/dev/items?id=d70d9235-0bb6-473e-98db-ca71d7fe9d3c,HTTPError('404 Client Error: Not Found for url: /dev/dev/items?id=d70d9235-0bb6-473e-98db-ca71d7fe9d3c'),1
DELETE,/dev/dev/items?id=1ecb4502-30c1-491a-b133-ad829060b76e,HTTPError('404 Client Error: Not Found for url: /dev/dev/items?id=1ecb4502-30c1-491a-b133-ad829060b76e'),1
GET,/dev/dev/items?id=3e45fc2b-b7e8-48e1-bbda-d278ee6001af,HTTPError('404 Client Error: Not Found for url: /dev/dev/items?id=3e45fc2b-b7e8-48e1-bbda-d278ee6001af'),1
GET,/dev/dev/items?id=8442ff2d-0f57-4722-b907-36373ba0f73e,HTTPError('404 Client Error: Not Found for url: /dev/dev/items?id=8442ff2d-0f57-4722-b907-36373ba0f73e'),1
DELETE,/dev/dev/items?id=4cb90546-557e-45e2-a454-69d1a40fd32e,HTTPError('404 Client Error: Not Found for url: /dev/dev/items?id=4cb90546-557e-45e2-a454-69d1a40fd32e'),1
DELETE,/dev/dev/items?id=f01ed64e-82ec-4b7d-be24-b1c6b23f54f6,HTTPError('404 Client Error: Not Found for url: /dev/dev/items?id=f01ed64e-82ec-4b7d-be24-b1c6b23f54f6'),1
DELETE,/dev/dev/items?id=2523e1ae-b3a7-40f8-a5c8-994f32a6116f,HTTPError('404 Client Error: Not Found for url: /dev/dev/items?id=2523e1ae-b3a7-40f8-a5c8-994f32a6116f'),1
DELETE,/dev/dev/items?id=6520082d-10dc-4d0b-8f55-8269789dbb2a,HTTPError('404 Client Error: Not Found for url: /dev/dev/items?id=6520082d-10dc-4d0b-8f55-8269789dbb2a'),1
DELETE,/dev/dev/items?id=ce6c1d56-ccf6-4cd9-bb79-a2c5f5be240e,HTTPError('404 Client Error: Not Found for url: /dev/dev/items?id=ce6c1d56-ccf6-4cd9-bb79-a2c5f5be240e'),1
GET,/dev/dev/items?id=3a6b6a27-99b7-47ef-84fa-bcbd6efc2c30,HTTPError('404 Client Error: Not Found for url: /dev/dev/items?id=3a6b6a27-99b7-47ef-84fa-bcbd6efc2c30'),1
GET,/dev/dev/items?id=b47a7ed7-8c52-4cb5-b32d-28c2c6d56759,HTTPError('404 Client Error: Not Found for url: /dev/dev/items?id=b47a7ed7-8c52-4cb5-b32d-28c2c6d56759'),1
GET,/dev/dev/items?id=47064484-6818-4d6f-bdf6-34ff721a9e8a,HTTPError('404 Client Error: Not Found for url: /dev/dev/items?id=47064484-6818-4d6f-bdf6-34ff721a9e8a'),1
DELETE,/dev/dev/items?id=a9047c18-b6b6-4bcb-b051-7b6f0b683437,HTTPError('404 Client Error: Not Found for url: /dev/dev/items?id=a9047c18-b6b6-4bcb-b051-7b6f0b683437'),1
GET,/dev/dev/items?id=6b4372cc-17b0-4677-a2d7-3f128623fb5d,HTTPError('404 Client Error: Not Found for url: /dev/dev/items?id=6b4372cc-17b0-4677-a2d7-3f128623fb5d'),1
DELETE,/dev/dev/items?id=bac38b17-214b-4c0e-9bbb-8b6d92efdec2,HTTPError('404 Client Error: Not Found for url: /dev/dev/items?id=bac38b17-214b-4c0e-9bbb-8b6d92efdec2'),1
GET,/dev/dev/items?id=31480061-2f3f-4833-b885-9ea8598714e5,HTTPError('404 Client Error: Not Found for url: /dev/dev/items?id=31480061-2f3f-4833-b885-9ea8598714e5'),1
GET,/dev/dev/items?id=530ce7ef-8b0a-494b-b709-869e697d88fc,HTTPError('404 Client Error: Not Found for url: /dev/dev/items?id=530ce7ef-8b0a-494b-b709-869e697d88fc'),1
DELETE,/dev/dev/items?id=5b8bcace-b6c6-4e5e-9a93-df9590c46c2f,HTTPError('404 Client Error: Not Found for url: /dev/dev/items?id=5b8bcace-b6c6-4e5e-9a93-df9590c46c2f'),1
GET,/dev/dev/items?id=e698f506-2664-4320-b9d7-84a033e91177,HTTPError('404 Client Error: Not Found for url: /dev/dev/items?id=e698f506-2664-4320-b9d7-84a033e91177'),1
DELETE,/dev/dev/items?id=9bdd567d-0056-4e90-ade7-edbf8450cbcc,HTTPError('404 Client Error: Not Found for url: /dev/dev/items?id=9bdd567d-0056-4e90-ade7-edbf8450cbcc'),1
DELETE,/dev/dev/items?id=fa19b568-3630-41db-ba10-7c11529cea88,HTTPError('404 Client Error: Not Found for url: /dev/dev/items?id=fa19b568-3630-41db-ba10-7c11529cea88'),1
GET,/dev/dev/items?id=ebc8b844-dcff-4d46-993e-bcc4d661c560,HTTPError('404 Client Error: Not Found for url: /dev/dev/items?id=ebc8b844-dcff-4d46-993e-bcc4d661c560'),1
GET,/dev/dev/items?id=c6563d52-e278-4405-b63b-138834172fc7,HTTPError('404 Client Error: Not Found for url: /dev/dev/items?id=c6563d52-e278-4405-b63b-138834172fc7'),1
DELETE,/dev/dev/items?id=67f39f79-f041-43a0-9a3b-088949f7460b,HTTPError('404 Client Error: Not Found for url: /dev/dev/items?id=67f39f79-f041-43a0-9a3b-088949f7460b'),1
GET,/dev/dev/items?id=51349a34-5809-4ce8-a6fb-46f9ec923b80,HTTPError('404 Client Error: Not Found for url: /dev/dev/items?id=51349a34-5809-4ce8-a6fb-46f9ec923b80'),1
DELETE,/dev/dev/items?id=07904da3-c14b-4403-82c1-7164af1affc1,HTTPError('404 Client Error: Not Found for url: /dev/dev/items?id=07904da3-c14b-4403-82c1-7164af1affc1'),1
DELETE,/dev/dev/items?id=82d53478-db90-4548-9282-4c5e94a47b63,HTTPError('404 Client Error: Not Found for url: /dev/dev/items?id=82d53478-db90-4548-9282-4c5e94a47b63'),1
GET,/dev/dev/items?id=58562c97-ee0b-45ce-a20c-f04328f48d05,HTTPError('404 Client Error: Not Found for url: /dev/dev/items?id=58562c97-ee0b-45ce-a20c-f04328f48d05'),1
DELETE,/dev/dev/items?id=0778957e-fe47-429f-ba01-2e22e300302c,HTTPError('404 Client Error: Not Found for url: /dev/dev/items?id=0778957e-fe47-429f-ba01-2e22e300302c'),1
DELETE,/dev/dev/items?id=58b05fef-dbe5-468e-bb15-0cb1bba4bbd0,HTTPError('404 Client Error: Not Found for url: /dev/dev/items?id=58b05fef-dbe5-468e-bb15-0cb1bba4bbd0'),1
DELETE,/dev/dev/items?id=56e4cfcd-c805-4b1c-b049-d8f5f629d5cb,HTTPError('404 Client Error: Not Found for url: /dev/dev/items?id=56e4cfcd-c805-4b1c-b049-d8f5f629d5cb'),1
GET,/dev/dev/items?id=6d7bbe25-7aa6-4ed6-a9b3-36ce43482b05,HTTPError('404 Client Error: Not Found for url: /dev/dev/items?id=6d7bbe25-7aa6-4ed6-a9b3-36ce43482b05'),1
DELETE,/dev/dev/items?id=1815a2db-4784-400b-a736-463d69ab9812,HTTPError('404 Client Error: Not Found for url: /dev/dev/items?id=1815a2db-4784-400b-a736-463d69ab9812'),1
GET,/dev/dev/items?id=bcff223f-9c2b-445b-b7d6-5c66ffbd50ed,HTTPError('404 Client Error: Not Found for url: /dev/dev/items?id=bcff223f-9c2b-445b-b7d6-5c66ffbd50ed'),1
GET,/dev/dev/items?id=d1ccd70e-bd64-4448-af4e-40d0b1a0c701,HTTPError('404 Client Error: Not Found for url: /dev/dev/items?id=d1ccd70e-bd64-4448-af4e-40d0b1a0c701'),1
GET,/dev/dev/items?id=af16e2a6-0a18-45ad-b0d3-159b4cbd7aa3,HTTPError('404 Client Error: Not Found for url: /dev/dev/items?id=af16e2a6-0a18-45ad-b0d3-159b4cbd7aa3'),1
DELETE,/dev/dev/items?id=ebc8b844-dcff-4d46-993e-bcc4d661c560,HTTPError('404 Client Error: Not Found for url: /dev/dev/items?id=ebc8b844-dcff-4d46-993e-bcc4d661c560'),1
DELETE,/dev/dev/items?id=aa5bd285-0d7c-4cd1-b633-6cef3eea39f1,HTTPError('404 Client Error: Not Found for url: /dev/dev/items?id=aa5bd285-0d7c-4cd1-b633-6cef3eea39f1'),1
GET,/dev/dev/items?id=dbd621fd-fe68-4b6f-89e7-6cc9d3ce54f9,HTTPError('404 Client Error: Not Found for url: /dev/dev/items?id=dbd621fd-fe68-4b6f-89e7-6cc9d3ce54f9'),1
GET,/dev/dev/items?id=3d1db220-4810-48ba-9776-83825e59d9a1,HTTPError('404 Client Error: Not Found for url: /dev/dev/items?id=3d1db220-4810-48ba-9776-83825e59d9a1'),1
GET,/dev/dev/items?id=d432dea8-da20-4fe0-a238-dbeac4cec850,HTTPError('404 Client Error: Not Found for url: /dev/dev/items?id=d432dea8-da20-4fe0-a238-dbeac4cec850'),1
GET,/dev/dev/items?id=3a4497db-5e18-43c3-9078-33a9585382ec,HTTPError('404 Client Error: Not Found for url: /dev/dev/items?id=3a4497db-5e18-43c3-9078-33a9585382ec'),1
DELETE,/dev/dev/items?id=ef7ca7af-9559-40b9-882b-0c833596629f,HTTPError('404 Client Error: Not Found for url: /dev/dev/items?id=ef7ca7af-9559-40b9-882b-0c833596629f'),1
DELETE,/dev/dev/items?id=c91dba87-21d4-4f48-81ca-0b8277d196f0,HTTPError('404 Client Error: Not Found for url: /dev/dev/items?id=c91dba87-21d4-4f48-81ca-0b8277d196f0'),1
GET,/dev/dev/items?id=b916386a-4e8c-421f-ba30-e2adf6d69ef1,HTTPError('404 Client Error: Not Found for url: /dev/dev/items?id=b916386a-4e8c-421f-ba30-e2adf6d69ef1'),1
DELETE,/dev/dev/items?id=27c81cdc-a286-40d8-945b-363a28c3e0a8,HTTPError('404 Client Error: Not Found for url: /dev/dev/items?id=27c81cdc-a286-40d8-945b-363a28c3e0a8'),1
DELETE,/dev/dev/items?id=aa0366fe-d06c-4d4b-8295-5d033e756202,HTTPError('404 Client Error: Not Found for url: /dev/dev/items?id=aa0366fe-d06c-4d4b-8295-5d033e756202'),1
GET,/dev/dev/items?id=09080f16-aadc-46cd-a9bf-9c7949f33073,HTTPError('404 Client Error: Not Found for url: /dev/dev/items?id=09080f16-aadc-46cd-a9bf-9c7949f33073'),1
GET,/dev/dev/items?id=cd25b294-b8be-4ecf-8977-f2323c27fd8c,HTTPError('404 Client Error: Not Found for url: /dev/dev/items?id=cd25b294-b8be-4ecf-8977-f2323c27fd8c'),1
DELETE,/dev/dev/items?id=571f96a1-92d2-4363-9dbf-dd2a1dc23bcb,HTTPError('404 Client Error: Not Found for url: /dev/dev/items?id=571f96a1-92d2-4363-9dbf-dd2a1dc23bcb'),1
GET,/dev/dev/items?id=6c74b818-dfe8-4ccb-8dca-f3c5f12b9da3,HTTPError('404 Client Error: Not Found for url: /dev/dev/items?id=6c74b818-dfe8-4ccb-8dca-f3c5f12b9da3'),1
DELETE,/dev/dev/items?id=80e33560-76be-4920-b2aa-44ee192eda76,HTTPError('404 Client Error: Not Found for url: /dev/dev/items?id=80e33560-76be-4920-b2aa-44ee192eda76'),1
GET,/dev/dev/items?id=5fc154d3-b8ce-47dc-bfd0-d949380ea724,HTTPError('404 Client Error: Not Found for url: /dev/dev/items?id=5fc154d3-b8ce-47dc-bfd0-d949380ea724'),1
GET,/dev/dev/items?id=4f9ddb6e-a927-4f88-a0ae-c159a836c790,HTTPError('404 Client Error: Not Found for url: /dev/dev/items?id=4f9ddb6e-a927-4f88-a0ae-c159a836c790'),1
DELETE,/dev/dev/items?id=1ae4a988-dc46-4407-96a1-9efe7c09b956,HTTPError('404 Client Error: Not Found for url: /dev/dev/items?id=1ae4a988-dc46-4407-96a1-9efe7c09b956'),1
GET,/dev/dev/items?id=edd5b3f3-2a73-43de-af93-d5a7f981a689,HTTPError('404 Client Error: Not Found for url: /dev/dev/items?id=edd5b3f3-2a73-43de-af93-d5a7f981a689'),1
DELETE,/dev/dev/items?id=ed8bacbb-33b1-4e42-a0ca-2c503109f808,HTTPError('404 Client Error: Not Found for url: /dev/dev/items?id=ed8bacbb-33b1-4e42-a0ca-2c503109f808'),1
GET,/dev/dev/items?id=b78d18cf-9b23-4d9b-b471-ff2a305ae118,HTTPError('404 Client Error: Not Found for url: /dev/dev/items?id=b78d18cf-9b23-4d9b-b471-ff2a305ae118'),1
DELETE,/dev/dev/items?id=bab763da-af7e-4db0-9a5a-7a930d24d3db,HTTPError('404 Client Error: Not Found for url: /dev/dev/items?id=bab763da-af7e-4db0-9a5a-7a930d24d3db'),1
GET,/dev/dev/items?id=574ae3a9-d0a7-40ac-964e-3d9fc7fa10c4,HTTPError('404 Client Error: Not Found for url: /dev/dev/items?id=574ae3a9-d0a7-40ac-964e-3d9fc7fa10c4'),1
GET,/dev/dev/items?id=c91dba87-21d4-4f48-81ca-0b8277d196f0,HTTPError('404 Client Error: Not Found for url: /dev/dev/items?id=c91dba87-21d4-4f48-81ca-0b8277d196f0'),1
GET,/dev/dev/items?id=f01ed64e-82ec-4b7d-be24-b1c6b23f54f6,HTTPError('404 Client Error: Not Found for url: /dev/dev/items?id=f01ed64e-82ec-4b7d-be24-b1c6b23f54f6'),1
DELETE,/dev/dev/items?id=67e59f72-2d66-45ac-bf06-e67572f9c560,HTTPError('404 Client Error: Not Found for url: /dev/dev/items?id=67e59f72-2d66-45ac-bf06-e67572f9c560'),1
GET,/dev/dev/items?id=50ebdae0-12fa-4bad-bd5f-098c960cac37,HTTPError('404 Client Error: Not Found for url: /dev/dev/items?id=50ebdae0-12fa-4bad-bd5f-098c960cac37'),1
DELETE,/dev/dev/items?id=e2fff4ae-e452-4a64-bb26-15dd3996d679,HTTPError('404 Client Error: Not Found for url: /dev/dev/items?id=e2fff4ae-e452-4a64-bb26-15dd3996d679'),1
DELETE,/dev/dev/items?id=84e04b59-ca53-43ce-a25f-01a67a169571,HTTPError('404 Client Error: Not Found for url: /dev/dev/items?id=84e04b59-ca53-43ce-a25f-01a67a169571'),1
GET,/dev/dev/items?id=ff58164f-9a58-4a1e-b9b1-f1fd065648a5,HTTPError('404 Client Error: Not Found for url: /dev/dev/items?id=ff58164f-9a58-4a1e-b9b1-f1fd065648a5'),1
DELETE,/dev/dev/items?id=e0971728-6533-4dc6-89b1-07d2c96b5d6f,HTTPError('404 Client Error: Not Found for url: /dev/dev/items?id=e0971728-6533-4dc6-89b1-07d2c96b5d6f'),1
DELETE,/dev/dev/items?id=ea1cbf19-d7dc-4a21-9dda-a27b815ed799,HTTPError('404 Client Error: Not Found for url: /dev/dev/items?id=ea1cbf19-d7dc-4a21-9dda-a27b815ed799'),1
DELETE,/dev/dev/items?id=0994aa22-21fd-4828-95a9-511d086055f3,HTTPError('404 Client Error: Not Found for url: /dev/dev/items?id=0994aa22-21fd-4828-95a9-511d086055f3'),1
DELETE,/dev/dev/items?id=5a65dca1-f98d-48fd-8011-418f7d15324d,HTTPError('404 Client Error: Not Found for url: /dev/dev/items?id=5a65dca1-f98d-48fd-8011-418f7d15324d'),1
GET,/dev/dev/items?id=3befe0eb-4009-4399-b0b8-09e7f8250306,HTTPError('404 Client Error: Not Found for url: /dev/dev/items?id=3befe0eb-4009-4399-b0b8-09e7f8250306'),1
DELETE,/dev/dev/items?id=02e1bb33-343d-40f4-851f-7277fc35fae6,HTTPError('404 Client Error: Not Found for url: /dev/dev/items?id=02e1bb33-343d-40f4-851f-7277fc35fae6'),1
DELETE,/dev/dev/items?id=91e6a267-66e1-4d6f-b063-4a9d7b52965a,HTTPError('404 Client Error: Not Found for url: /dev/dev/items?id=91e6a267-66e1-4d6f-b063-4a9d7b52965a'),1
DELETE,/dev/dev/items?id=7167273c-7b71-4a63-8cde-e88105ca453c,HTTPError('404 Client Error: Not Found for url: /dev/dev/items?id=7167273c-7b71-4a63-8cde-e88105ca453c'),1
GET,/dev/dev/items?id=77989e3f-0b98-46d9-843f-ca9983097411,HTTPError('404 Client Error: Not Found for url: /dev/dev/items?id=77989e3f-0b98-46d9-843f-ca9983097411'),1
DELETE,/dev/dev/items?id=6dd16b48-1ad6-427b-9ce8-80a93f5afab7,HTTPError('404 Client Error: Not Found for url: /dev/dev/items?id=6dd16b48-1ad6-427b-9ce8-80a93f5afab7'),1
DELETE,/dev/dev/items?id=e8d9371b-53f8-4d87-a52a-d7917b8cf21f,HTTPError('404 Client Error: Not Found for url: /dev/dev/items?id=e8d9371b-53f8-4d87-a52a-d7917b8cf21f'),1
DELETE,/dev/dev/items?id=d55678cc-be76-44bc-be09-6d8da4a5cc6f,HTTPError('404 Client Error: Not Found for url: /dev/dev/items?id=d55678cc-be76-44bc-be09-6d8da4a5cc6f'),1
DELETE,/dev/dev/items?id=686b6dd0-35bf-4487-9e02-58219b1f030b,HTTPError('404 Client Error: Not Found for url: /dev/dev/items?id=686b6dd0-35bf-4487-9e02-58219b1f030b'),1
DELETE,/dev/dev/items?id=1cb1b81b-0490-4eca-86a7-390828e2a551,HTTPError('404 Client Error: Not Found for url: /dev/dev/items?id=1cb1b81b-0490-4eca-86a7-390828e2a551'),1
GET,/dev/dev/items?id=808cf586-b5e0-4422-a920-5323019bdfef,HTTPError('404 Client Error: Not Found for url: /dev/dev/items?id=808cf586-b5e0-4422-a920-5323019bdfef'),1
DELETE,/dev/dev/items?id=4cf5a556-df5c-464e-b386-345301ffe712,HTTPError('404 Client Error: Not Found for url: /dev/dev/items?id=4cf5a556-df5c-464e-b386-345301ffe712'),1
DELETE,/dev/dev/items?id=32c9ae3d-247c-4483-80ae-a656e201d669,HTTPError('404 Client Error: Not Found for url: /dev/dev/items?id=32c9ae3d-247c-4483-80ae-a656e201d669'),1
DELETE,/dev/dev/items?id=6d7bbe25-7aa6-4ed6-a9b3-36ce43482b05,HTTPError('404 Client Error: Not Found for url: /dev/dev/items?id=6d7bbe25-7aa6-4ed6-a9b3-36ce43482b05'),1
GET,/dev/dev/items?id=f4a9da06-0556-438c-acf9-126c584d1a71,HTTPError('404 Client Error: Not Found for url: /dev/dev/items?id=f4a9da06-0556-438c-acf9-126c584d1a71'),1
DELETE,/dev/dev/items?id=18927b9f-6d06-4c7f-b983-0d1c87810a54,HTTPError('404 Client Error: Not Found for url: /dev/dev/items?id=18927b9f-6d06-4c7f-b983-0d1c87810a54'),1
GET,/dev/dev/items?id=ca009978-9764-469f-9fdc-23bcc9dc05bf,HTTPError('404 Client Error: Not Found for url: /dev/dev/items?id=ca009978-9764-469f-9fdc-23bcc9dc05bf'),1
DELETE,/dev/dev/items?id=53524cdb-9ab0-47a9-968e-7b5d1877aef3,HTTPError('404 Client Error: Not Found for url: /dev/dev/items?id=53524cdb-9ab0-47a9-968e-7b5d1877aef3'),1
GET,/dev/dev/items?id=cffb8e13-3b2d-4490-b3c6-e2f5bc416e5f,HTTPError('404 Client Error: Not Found for url: /dev/dev/items?id=cffb8e13-3b2d-4490-b3c6-e2f5bc416e5f'),1
GET,/dev/dev/items?id=4865b948-798e-4184-98b7-e0828b70bbea,HTTPError('404 Client Error: Not Found for url: /dev/dev/items?id=4865b948-798e-4184-98b7-e0828b70bbea'),1
GET,/dev/dev/items?id=bac38b17-214b-4c0e-9bbb-8b6d92efdec2,HTTPError('404 Client Error: Not Found for url: /dev/dev/items?id=bac38b17-214b-4c0e-9bbb-8b6d92efdec2'),1
GET,/dev/dev/items?id=30ceef45-ed1b-4767-8fd2-c7e948386e07,HTTPError('404 Client Error: Not Found for url: /dev/dev/items?id=30ceef45-ed1b-4767-8fd2-c7e948386e07'),1
GET,/dev/dev/items?id=b5e464dd-9522-4bf6-81dd-9221c0221ac0,HTTPError('404 Client Error: Not Found for url: /dev/dev/items?id=b5e464dd-9522-4bf6-81dd-9221c0221ac0'),1
DELETE,/dev/dev/items?id=b48206af-1b67-40fb-954f-9727f2b71ade,HTTPError('404 Client Error: Not Found for url: /dev/dev/items?id=b48206af-1b67-40fb-954f-9727f2b71ade'),1
GET,/dev/dev/items?id=5401e2db-1b4d-41cb-ad21-1dc6a46c5489,HTTPError('404 Client Error: Not Found for url: /dev/dev/items?id=5401e2db-1b4d-41cb-ad21-1dc6a46c5489'),1
DELETE,/dev/dev/items?id=70b60886-cf9c-4eef-a8c7-c73154c5c5e0,HTTPError('404 Client Error: Not Found for url: /dev/dev/items?id=70b60886-cf9c-4eef-a8c7-c73154c5c5e0'),1
DELETE,/dev/dev/items?id=f70bbada-77c8-4427-9008-ce05adb434a6,HTTPError('404 Client Error: Not Found for url: /dev/dev/items?id=f70bbada-77c8-4427-9008-ce05adb434a6'),1
GET,/dev/dev/items?id=fa19b568-3630-41db-ba10-7c11529cea88,HTTPError('404 Client Error: Not Found for url: /dev/dev/items?id=fa19b568-3630-41db-ba10-7c11529cea88'),1
DELETE,/dev/dev/items?id=47064484-6818-4d6f-bdf6-34ff721a9e8a,HTTPError('404 Client Error: Not Found for url: /dev/dev/items?id=47064484-6818-4d6f-bdf6-34ff721a9e8a'),1
GET,/dev/dev/items?id=1e31ce88-2cd2-4ff9-a332-63826d7ef512,HTTPError('404 Client Error: Not Found for url: /dev/dev/items?id=1e31ce88-2cd2-4ff9-a332-63826d7ef512'),1
DELETE,/dev/dev/items?id=1697eba5-c46e-44a0-853b-87543bb434a5,HTTPError('404 Client Error: Not Found for url: /dev/dev/items?id=1697eba5-c46e-44a0-853b-87543bb434a5'),1
DELETE,/dev/dev/items?id=4b408af2-63c9-4c9b-a096-05a03e2e5654,HTTPError('404 Client Error: Not Found for url: /dev/dev/items?id=4b408af2-63c9-4c9b-a096-05a03e2e5654'),1
DELETE,/dev/dev/items?id=ef152b8d-a4d6-4e23-9c0c-67ae125692ac,HTTPError('404 Client Error: Not Found for url: /dev/dev/items?id=ef152b8d-a4d6-4e23-9c0c-67ae125692ac'),1
DELETE,/dev/dev/items?id=d6abfed4-f7d4-4d2b-a8b6-2b052218078d,HTTPError('404 Client Error: Not Found for url: /dev/dev/items?id=d6abfed4-f7d4-4d2b-a8b6-2b052218078d'),1
GET,/dev/dev/items?id=bab7cc6f-1981-4cd3-a0e9-5c3cde829290,HTTPError('404 Client Error: Not Found for url: /dev/dev/items?id=bab7cc6f-1981-4cd3-a0e9-5c3cde829290'),1
GET,/dev/dev/items?id=53524cdb-9ab0-47a9-968e-7b5d1877aef3,HTTPError('404 Client Error: Not Found for url: /dev/dev/items?id=53524cdb-9ab0-47a9-968e-7b5d1877aef3'),1
GET,/dev/dev/items?id=f43c51e7-3361-4d6a-9a31-5c7205349679,HTTPError('404 Client Error: Not Found for url: /dev/dev/items?id=f43c51e7-3361-4d6a-9a31-5c7205349679'),1
DELETE,/dev/dev/items?id=63989b70-59b0-415d-ac2f-985c63f4d18f,HTTPError('404 Client Error: Not Found for url: /dev/dev/items?id=63989b70-59b0-415d-ac2f-985c63f4d18f'),1
GET,/dev/dev/items?id=8213bacb-7930-4d60-8f9d-ec89490d3ba6,HTTPError('404 Client Error: Not Found for url: /dev/dev/items?id=8213bacb-7930-4d60-8f9d-ec89490d3ba6'),1
DELETE,/dev/dev/items?id=9f2d1863-f6be-4b4f-b045-4e58acbabf5e,HTTPError('404 Client Error: Not Found for url: /dev/dev/items?id=9f2d1863-f6be-4b4f-b045-4e58acbabf5e'),1
DELETE,/dev/dev/items?id=d415b1d3-f4e6-430c-b954-2d4ab5cb45ae,HTTPError('404 Client Error: Not Found for url: /dev/dev/items?id=d415b1d3-f4e6-430c-b954-2d4ab5cb45ae'),1
DELETE,/dev/dev/items?id=8e926f8d-9864-43e4-b70e-664028f380fd,HTTPError('404 Client Error: Not Found for url: /dev/dev/items?id=8e926f8d-9864-43e4-b70e-664028f380fd'),1
DELETE,/dev/dev/items?id=7a2a973c-af1b-4324-8165-a6802c6f8458,HTTPError('404 Client Error: Not Found for url: /dev/dev/items?id=7a2a973c-af1b-4324-8165-a6802c6f8458'),1
GET,/dev/dev/items?id=48f9d9e1-0728-4eae-8235-964d14e2ec90,HTTPError('404 Client Error: Not Found for url: /dev/dev/items?id=48f9d9e1-0728-4eae-8235-964d14e2ec90'),1
DELETE,/dev/dev/items?id=31d41287-4095-461d-bd49-495405a204df,HTTPError('404 Client Error: Not Found for url: /dev/dev/items?id=31d41287-4095-461d-bd49-495405a204df'),1
DELETE,/dev/dev/items?id=7d34239e-3aa9-48a0-b465-00bee7adf8a7,HTTPError('404 Client Error: Not Found for url: /dev/dev/items?id=7d34239e-3aa9-48a0-b465-00bee7adf8a7'),1
DELETE,/dev/dev/items?id=c30b9e54-df77-4e34-a41e-01f5187807f2,HTTPError('404 Client Error: Not Found for url: /dev/dev/items?id=c30b9e54-df77-4e34-a41e-01f5187807f2'),1
DELETE,/dev/dev/items?id=327c3768-83f7-4fa1-91ac-bde5b894ed43,HTTPError('404 Client Error: Not Found for url: /dev/dev/items?id=327c3768-83f7-4fa1-91ac-bde5b894ed43'),1
DELETE,/dev/dev/items?id=f0adcd0d-908c-4256-b58b-1bd01686891f,HTTPError('404 Client Error: Not Found for url: /dev/dev/items?id=f0adcd0d-908c-4256-b58b-1bd01686891f'),1
DELETE,/dev/dev/items?id=9c5f6bf9-6e72-4427-8bc2-f5e0e359cbb4,HTTPError('404 Client Error: Not Found for url: /dev/dev/items?id=9c5f6bf9-6e72-4427-8bc2-f5e0e359cbb4'),1
GET,/dev/dev/items?id=acb6d85b-8fe9-4163-9b47-8c37c8c45d68,HTTPError('404 Client Error: Not Found for url: /dev/dev/items?id=acb6d85b-8fe9-4163-9b47-8c37c8c45d68'),1
GET,/dev/dev/items?id=3a78de93-849f-4d34-a78b-61f7132cea4f,HTTPError('404 Client Error: Not Found for url: /dev/dev/items?id=3a78de93-849f-4d34-a78b-61f7132cea4f'),1
DELETE,/dev/dev/items?id=3df2ae4f-00b4-4448-8640-60a8bfceff28,HTTPError('404 Client Error: Not Found for url: /dev/dev/items?id=3df2ae4f-00b4-4448-8640-60a8bfceff28'),1
DELETE,/dev/dev/items?id=60e91622-6bf9-4121-b5a0-7ad48aff33a9,HTTPError('404 Client Error: Not Found for url: /dev/dev/items?id=60e91622-6bf9-4121-b5a0-7ad48aff33a9'),1
DELETE,/dev/dev/items?id=3147cc88-00ef-4bcc-a4a1-bd15d2ff032d,HTTPError('404 Client Error: Not Found for url: /dev/dev/items?id=3147cc88-00ef-4bcc-a4a1-bd15d2ff032d'),1
DELETE,/dev/dev/items?id=42a01d01-760f-4588-a179-75a78ecdd90f,HTTPError('404 Client Error: Not Found for url: /dev/dev/items?id=42a01d01-760f-4588-a179-75a78ecdd90f'),1
GET,/dev/dev/items?id=c4ac2d09-965a-442b-a92b-c8caabbc9930,HTTPError('404 Client Error: Not Found for url: /dev/dev/items?id=c4ac2d09-965a-442b-a92b-c8caabbc9930'),1
DELETE,/dev/dev/items?id=ccbd3c05-e826-48b7-8813-e40e674761f7,HTTPError('404 Client Error: Not Found for url: /dev/dev/items?id=ccbd3c05-e826-48b7-8813-e40e674761f7'),1
GET,/dev/dev/items?id=aa9eae27-ee3f-4438-b91d-acabc26da8ec,HTTPError('404 Client Error: Not Found for url: /dev/dev/items?id=aa9eae27-ee3f-4438-b91d-acabc26da8ec'),1
DELETE,/dev/dev/items?id=30782861-cf88-40f4-83cc-92585bb856f6,HTTPError('404 Client Error: Not Found for url: /dev/dev/items?id=30782861-cf88-40f4-83cc-92585bb856f6'),1
GET,/dev/dev/items?id=a85c33df-53d9-44a0-a9f7-120a8e585fb4,HTTPError('404 Client Error: Not Found for url: /dev/dev/items?id=a85c33df-53d9-44a0-a9f7-120a8e585fb4'),1
DELETE,/dev/dev/items?id=8d4ef2c2-ba16-45d3-8ad9-0b82e20725d6,HTTPError('404 Client Error: Not Found for url: /dev/dev/items?id=8d4ef2c2-ba16-45d3-8ad9-0b82e20725d6'),1
DELETE,/dev/dev/items?id=21fde2d8-3839-4030-991c-e49c052071a7,HTTPError('404 Client Error: Not Found for url: /dev/dev/items?id=21fde2d8-3839-4030-991c-e49c052071a7'),1
GET,/dev/dev/items?id=aa5bd285-0d7c-4cd1-b633-6cef3eea39f1,HTTPError('404 Client Error: Not Found for url: /dev/dev/items?id=aa5bd285-0d7c-4cd1-b633-6cef3eea39f1'),1
GET,/dev/dev/items?id=dea2b469-b329-4a55-81dd-c5d3f7de0370,HTTPError('404 Client Error: Not Found for url: /dev/dev/items?id=dea2b469-b329-4a55-81dd-c5d3f7de0370'),1
GET,/dev/dev/items?id=ce77a47b-e126-4d5f-a9cd-f8c39f282979,HTTPError('404 Client Error: Not Found for url: /dev/dev/items?id=ce77a47b-e126-4d5f-a9cd-f8c39f282979'),1
GET,/dev/dev/items?id=c2c0d9ca-0282-4eee-b198-a74832acd156,HTTPError('404 Client Error: Not Found for url: /dev/dev/items?id=c2c0d9ca-0282-4eee-b198-a74832acd156'),1
DELETE,/dev/dev/items?id=1be05649-0498-49f6-a0ee-07658df5f2fb,HTTPError('404 Client Error: Not Found for url: /dev/dev/items?id=1be05649-0498-49f6-a0ee-07658df5f2fb'),1
GET,/dev/dev/items?id=6de33e59-079d-42a4-a9dc-be0ceadbb541,HTTPError('404 Client Error: Not Found for url: /dev/dev/items?id=6de33e59-079d-42a4-a9dc-be0ceadbb541'),1
DELETE,/dev/dev/items?id=058e8807-4c37-4e68-9590-6f96c4a83846,HTTPError('404 Client Error: Not Found for url: /dev/dev/items?id=058e8807-4c37-4e68-9590-6f96c4a83846'),1
DELETE,/dev/dev/items?id=e698f506-2664-4320-b9d7-84a033e91177,HTTPError('404 Client Error: Not Found for url: /dev/dev/items?id=e698f506-2664-4320-b9d7-84a033e91177'),1
DELETE,/dev/dev/items?id=8442ff2d-0f57-4722-b907-36373ba0f73e,HTTPError('404 Client Error: Not Found for url: /dev/dev/items?id=8442ff2d-0f57-4722-b907-36373ba0f73e'),1
DELETE,/dev/dev/items?id=69684499-7546-4c3e-a976-86f6b09086da,HTTPError('404 Client Error: Not Found for url: /dev/dev/items?id=69684499-7546-4c3e-a976-86f6b09086da'),1
GET,/dev/dev/items?id=02aec444-9306-4ea2-90d5-94b9e4e39537,HTTPError('404 Client Error: Not Found for url: /dev/dev/items?id=02aec444-9306-4ea2-90d5-94b9e4e39537'),1
GET,/dev/dev/items?id=af3241e1-fdda-4560-9161-64a0b2b7aed9,HTTPError('404 Client Error: Not Found for url: /dev/dev/items?id=af3241e1-fdda-4560-9161-64a0b2b7aed9'),1
GET,/dev/dev/items?id=a28743fe-b058-4f77-9907-f5df56fc20cb,HTTPError('404 Client Error: Not Found for url: /dev/dev/items?id=a28743fe-b058-4f77-9907-f5df56fc20cb'),1
DELETE,/dev/dev/items?id=16e09e42-4294-4431-8179-f88a3b82bd23,HTTPError('404 Client Error: Not Found for url: /dev/dev/items?id=16e09e42-4294-4431-8179-f88a3b82bd23'),1
GET,/dev/dev/items?id=b56b726c-a841-405f-abd3-be9352b47928,HTTPError('404 Client Error: Not Found for url: /dev/dev/items?id=b56b726c-a841-405f-abd3-be9352b47928'),1
GET,/dev/dev/items?id=294884dd-e53d-434f-b004-f70dc144be5a,HTTPError('404 Client Error: Not Found for url: /dev/dev/items?id=294884dd-e53d-434f-b004-f70dc144be5a'),1
GET,/dev/dev/items?id=82d53478-db90-4548-9282-4c5e94a47b63,HTTPError('404 Client Error: Not Found for url: /dev/dev/items?id=82d53478-db90-4548-9282-4c5e94a47b63'),1
DELETE,/dev/dev/items?id=eb55e3b3-090a-4487-9891-9dbdc8b6c9e6,HTTPError('404 Client Error: Not Found for url: /dev/dev/items?id=eb55e3b3-090a-4487-9891-9dbdc8b6c9e6'),1
DELETE,/dev/dev/items?id=7be7a2cb-d603-4233-a28d-644767d398cc,HTTPError('404 Client Error: Not Found for url: /dev/dev/items?id=7be7a2cb-d603-4233-a28d-644767d398cc'),1
GET,/dev/dev/items?id=bc83f35e-37c9-40a1-91ae-a6f5da8f6ccc,HTTPError('404 Client Error: Not Found for url: /dev/dev/items?id=bc83f35e-37c9-40a1-91ae-a6f5da8f6ccc'),1
DELETE,/dev/dev/items?id=c2c0d9ca-0282-4eee-b198-a74832acd156,HTTPError('404 Client Error: Not Found for url: /dev/dev/items?id=c2c0d9ca-0282-4eee-b198-a74832acd156'),1
DELETE,/dev/dev/items?id=a02cf48b-ac65-422d-912e-371280456cfe,HTTPError('404 Client Error: Not Found for url: /dev/dev/items?id=a02cf48b-ac65-422d-912e-371280456cfe'),1
GET,/dev/dev/items?id=fde6afe1-5eb5-46f2-93c1-32a61a540781,HTTPError('404 Client Error: Not Found for url: /dev/dev/items?id=fde6afe1-5eb5-46f2-93c1-32a61a540781'),1
GET,/dev/dev/items?id=63989b70-59b0-415d-ac2f-985c63f4d18f,HTTPError('404 Client Error: Not Found for url: /dev/dev/items?id=63989b70-59b0-415d-ac2f-985c63f4d18f'),1
GET,/dev/dev/items?id=70d0accf-23d0-4dd0-9def-7c204c3e347c,HTTPError('404 Client Error: Not Found for url: /dev/dev/items?id=70d0accf-23d0-4dd0-9def-7c204c3e347c'),1
GET,/dev/dev/items?id=f9c5c4c8-89fa-4857-8648-574da73de7ae,HTTPError('404 Client Error: Not Found for url: /dev/dev/items?id=f9c5c4c8-89fa-4857-8648-574da73de7ae'),1
GET,/dev/dev/items?id=165b6c80-6541-43e5-81bc-a7c5c6aa001c,HTTPError('404 Client Error: Not Found for url: /dev/dev/items?id=165b6c80-6541-43e5-81bc-a7c5c6aa001c'),1
DELETE,/dev/dev/items?id=483af8b9-b515-49ed-8079-d9fc4b92282a,HTTPError('404 Client Error: Not Found for url: /dev/dev/items?id=483af8b9-b515-49ed-8079-d9fc4b92282a'),1
GET,/dev/dev/items?id=29e994b8-8ebf-40d2-8fc1-872ffead2b98,HTTPError('404 Client Error: Not Found for url: /dev/dev/items?id=29e994b8-8ebf-40d2-8fc1-872ffead2b98'),1
GET,/dev/dev/items?id=2f40c14a-b64f-4f58-97cf-c6abcf0b962b,HTTPError('404 Client Error: Not Found for url: /dev/dev/items?id=2f40c14a-b64f-4f58-97cf-c6abcf0b962b'),1
GET,/dev/dev/items?id=dd5475c9-f78e-413a-a43d-0a6ea7c312c9,HTTPError('404 Client Error: Not Found for url: /dev/dev/items?id=dd5475c9-f78e-413a-a43d-0a6ea7c312c9'),1
GET,/dev/dev/items?id=1dbff082-74d6-4012-87a0-ea9c678a7d09,HTTPError('404 Client Error: Not Found for url: /dev/dev/items?id=1dbff082-74d6-4012-87a0-ea9c678a7d09'),1
DELETE,/dev/dev/items?id=af3241e1-fdda-4560-9161-64a0b2b7aed9,HTTPError('404 Client Error: Not Found for url: /dev/dev/items?id=af3241e1-fdda-4560-9161-64a0b2b7aed9'),1
DELETE,/dev/dev/items?id=f9c5c4c8-89fa-4857-8648-574da73de7ae,HTTPError('404 Client Error: Not Found for url: /dev/dev/items?id=f9c5c4c8-89fa-4857-8648-574da73de7ae'),1
GET,/dev/dev/items?id=9fac9fe4-de78-4e10-b93f-0a34c6020c26,HTTPError('404 Client Error: Not Found for url: /dev/dev/items?id=9fac9fe4-de78-4e10-b93f-0a34c6020c26'),1
GET,/dev/dev/items?id=732e3cb7-9b45-4c9f-a466-63bf90b6c554,HTTPError('404 Client Error: Not Found for url: /dev/dev/items?id=732e3cb7-9b45-4c9f-a466-63bf90b6c554'),1
GET,/dev/dev/items?id=aba9e1ff-40a2-4aa9-a746-21a140554341,HTTPError('404 Client Error: Not Found for url: /dev/dev/items?id=aba9e1ff-40a2-4aa9-a746-21a140554341'),1
DELETE,/dev/dev/items?id=d0956eb8-968e-47e1-ad10-56f4859667fa,HTTPError('404 Client Error: Not Found for url: /dev/dev/items?id=d0956eb8-968e-47e1-ad10-56f4859667fa'),1
DELETE,/dev/dev/items?id=51080802-000a-4ff3-81d4-e3fd8ac4bbc6,HTTPError('404 Client Error: Not Found for url: /dev/dev/items?id=51080802-000a-4ff3-81d4-e3fd8ac4bbc6'),1
DELETE,/dev/dev/items?id=80db6a91-f7b6-4d44-8fe8-0ad9e8af925d,HTTPError('404 Client Error: Not Found for url: /dev/dev/items?id=80db6a91-f7b6-4d44-8fe8-0ad9e8af925d'),1
DELETE,/dev/dev/items?id=a919f318-3b55-48ee-ae96-0bd11a2a4f3b,HTTPError('404 Client Error: Not Found for url: /dev/dev/items?id=a919f318-3b55-48ee-ae96-0bd11a2a4f3b'),1
DELETE,/dev/dev/items?id=e8fd8d1d-128a-4a49-8fdf-07fa859b573c,HTTPError('404 Client Error: Not Found for url: /dev/dev/items?id=e8fd8d1d-128a-4a49-8fdf-07fa859b573c'),1
GET,/dev/dev/items?id=7413b92a-cfb0-45aa-9a33-077ea6199447,HTTPError('404 Client Error: Not Found for url: /dev/dev/items?id=7413b92a-cfb0-45aa-9a33-077ea6199447'),1
DELETE,/dev/dev/items?id=ce77a47b-e126-4d5f-a9cd-f8c39f282979,HTTPError('404 Client Error: Not Found for url: /dev/dev/items?id=ce77a47b-e126-4d5f-a9cd-f8c39f282979'),1
DELETE,/dev/dev/items?id=38f32ec8-d26a-409c-9a0f-d572a7e641ab,HTTPError('404 Client Error: Not Found for url: /dev/dev/items?id=38f32ec8-d26a-409c-9a0f-d572a7e641ab'),1
GET,/dev/dev/items?id=9ef80210-bb03-46fb-ad3d-8af4ad04b7df,HTTPError('404 Client Error: Not Found for url: /dev/dev/items?id=9ef80210-bb03-46fb-ad3d-8af4ad04b7df'),1
GET,/dev/dev/items?id=16c73ce7-169f-40a1-987e-b700b5d11ad1,HTTPError('404 Client Error: Not Found for url: /dev/dev/items?id=16c73ce7-169f-40a1-987e-b700b5d11ad1'),1
GET,/dev/dev/items?id=aa3171ec-b540-411f-92f4-7debac89d6e4,HTTPError('404 Client Error: Not Found for url: /dev/dev/items?id=aa3171ec-b540-411f-92f4-7debac89d6e4'),1
DELETE,/dev/dev/items?id=719cb6ac-7273-43c7-8a61-8c6cc7777851,HTTPError('404 Client Error: Not Found for url: /dev/dev/items?id=719cb6ac-7273-43c7-8a61-8c6cc7777851'),1
DELETE,/dev/dev/items?id=c2d061a6-85fd-4060-b707-732fbfdf9943,HTTPError('404 Client Error: Not Found for url: /dev/dev/items?id=c2d061a6-85fd-4060-b707-732fbfdf9943'),1
DELETE,/dev/dev/items?id=30ceef45-ed1b-4767-8fd2-c7e948386e07,HTTPError('404 Client Error: Not Found for url: /dev/dev/items?id=30ceef45-ed1b-4767-8fd2-c7e948386e07'),1
DELETE,/dev/dev/items?id=4b7cc49d-21e3-42de-80cf-78a890fef63e,HTTPError('404 Client Error: Not Found for url: /dev/dev/items?id=4b7cc49d-21e3-42de-80cf-78a890fef63e'),1
GET,/dev/dev/items?id=a98dc1d3-0b79-421e-a2cc-adabf63fa245,HTTPError('404 Client Error: Not Found for url: /dev/dev/items?id=a98dc1d3-0b79-421e-a2cc-adabf63fa245'),1
GET,/dev/dev/items?id=6083d956-b7ca-4ea6-ada6-a0fa88cb7d21,HTTPError('404 Client Error: Not Found for url: /dev/dev/items?id=6083d956-b7ca-4ea6-ada6-a0fa88cb7d21'),1
DELETE,/dev/dev/items?id=5c601392-cb7a-414f-87b6-95d854ef85c9,HTTPError('404 Client Error: Not Found for url: /dev/dev/items?id=5c601392-cb7a-414f-87b6-95d854ef85c9'),1
DELETE,/dev/dev/items?id=ca009978-9764-469f-9fdc-23bcc9dc05bf,HTTPError('404 Client Error: Not Found for url: /dev/dev/items?id=ca009978-9764-469f-9fdc-23bcc9dc05bf'),1
GET,/dev/dev/items?id=ca5f12a3-e39b-4f69-850e-d442b97ddd18,HTTPError('404 Client Error: Not Found for url: /dev/dev/items?id=ca5f12a3-e39b-4f69-850e-d442b97ddd18'),1
DELETE,/dev/dev/items?id=0e58deea-a9e4-43e2-a701-c3423273a7a8,HTTPError('404 Client Error: Not Found for url: /dev/dev/items?id=0e58deea-a9e4-43e2-a701-c3423273a7a8'),1
GET,/dev/dev/items?id=41ad0c86-dd02-41bb-8b59-72a3740ca2cf,HTTPError('404 Client Error: Not Found for url: /dev/dev/items?id=41ad0c86-dd02-41bb-8b59-72a3740ca2cf'),1
DELETE,/dev/dev/items?id=aa3171ec-b540-411f-92f4-7debac89d6e4,HTTPError('404 Client Error: Not Found for url: /dev/dev/items?id=aa3171ec-b540-411f-92f4-7debac89d6e4'),1
GET,/dev/dev/items?id=bd04b6f9-2f9f-4a07-bfe9-c25ddd0d4096,HTTPError('404 Client Error: Not Found for url: /dev/dev/items?id=bd04b6f9-2f9f-4a07-bfe9-c25ddd0d4096'),1
DELETE,/dev/dev/items?id=240dc2e9-798a-46e3-9fad-ee2b0d176b32,HTTPError('404 Client Error: Not Found for url: /dev/dev/items?id=240dc2e9-798a-46e3-9fad-ee2b0d176b32'),1
DELETE,/dev/dev/items?id=951b6f54-4bbe-49af-a91a-337c84b58061,HTTPError('404 Client Error: Not Found for url: /dev/dev/items?id=951b6f54-4bbe-49af-a91a-337c84b58061'),1
DELETE,/dev/dev/items?id=ed12545b-3d2f-48d2-9ea2-b19b2154a63f,HTTPError('404 Client Error: Not Found for url: /dev/dev/items?id=ed12545b-3d2f-48d2-9ea2-b19b2154a63f'),1
DELETE,/dev/dev/items?id=9f106745-7331-49d0-9428-2c06d72dc93c,HTTPError('404 Client Error: Not Found for url: /dev/dev/items?id=9f106745-7331-49d0-9428-2c06d72dc93c'),1
GET,/dev/dev/items?id=571f96a1-92d2-4363-9dbf-dd2a1dc23bcb,HTTPError('404 Client Error: Not Found for url: /dev/dev/items?id=571f96a1-92d2-4363-9dbf-dd2a1dc23bcb'),1
GET,/dev/dev/items?id=596a2220-0095-4221-90ad-a3498b207dd7,HTTPError('404 Client Error: Not Found for url: /dev/dev/items?id=596a2220-0095-4221-90ad-a3498b207dd7'),1
DELETE,/dev/dev/items?id=c2ed247e-614d-423d-af45-17fd6d14da54,HTTPError('404 Client Error: Not Found for url: /dev/dev/items?id=c2ed247e-614d-423d-af45-17fd6d14da54'),1
DELETE,/dev/dev/items?id=e5860f3a-a468-4f96-8a4f-b177a25da9f8,HTTPError('404 Client Error: Not Found for url: /dev/dev/items?id=e5860f3a-a468-4f96-8a4f-b177a25da9f8'),1
GET,/dev/dev/items?id=2128bf37-715a-40a6-9a01-abe0cc198551,HTTPError('404 Client Error: Not Found for url: /dev/dev/items?id=2128bf37-715a-40a6-9a01-abe0cc198551'),1
DELETE,/dev/dev/items?id=91109c23-4a78-4f36-89b6-6d171da1f41e,HTTPError('404 Client Error: Not Found for url: /dev/dev/items?id=91109c23-4a78-4f36-89b6-6d171da1f41e'),1
DELETE,/dev/dev/items?id=6243ce06-51cb-44a9-8a80-7f24b467bd99,HTTPError('404 Client Error: Not Found for url: /dev/dev/items?id=6243ce06-51cb-44a9-8a80-7f24b467bd99'),1
GET,/dev/dev/items?id=d55678cc-be76-44bc-be09-6d8da4a5cc6f,HTTPError('404 Client Error: Not Found for url: /dev/dev/items?id=d55678cc-be76-44bc-be09-6d8da4a5cc6f'),1
DELETE,/dev/dev/items?id=31480061-2f3f-4833-b885-9ea8598714e5,HTTPError('404 Client Error: Not Found for url: /dev/dev/items?id=31480061-2f3f-4833-b885-9ea8598714e5'),1
GET,/dev/dev/items?id=ef7ca7af-9559-40b9-882b-0c833596629f,HTTPError('404 Client Error: Not Found for url: /dev/dev/items?id=ef7ca7af-9559-40b9-882b-0c833596629f'),1
GET,/dev/dev/items?id=240dc2e9-798a-46e3-9fad-ee2b0d176b32,HTTPError('404 Client Error: Not Found for url: /dev/dev/items?id=240dc2e9-798a-46e3-9fad-ee2b0d176b32'),1
DELETE,/dev/dev/items?id=e14d498d-0cca-4443-b98a-0add6b0951a7,HTTPError('404 Client Error: Not Found for url: /dev/dev/items?id=e14d498d-0cca-4443-b98a-0add6b0951a7'),1
GET,/dev/dev/items?id=c4f9cc0e-ac6a-472f-9f98-30d6044d138c,HTTPError('404 Client Error: Not Found for url: /dev/dev/items?id=c4f9cc0e-ac6a-472f-9f98-30d6044d138c'),1
GET,/dev/dev/items?id=1fee846f-8f11-4b9f-981a-cde18560d6d2,HTTPError('404 Client Error: Not Found for url: /dev/dev/items?id=1fee846f-8f11-4b9f-981a-cde18560d6d2'),1
DELETE,/dev/dev/items?id=f978d4be-ed5a-4417-9540-a65b9eb0f839,HTTPError('404 Client Error: Not Found for url: /dev/dev/items?id=f978d4be-ed5a-4417-9540-a65b9eb0f839'),1
GET,/dev/dev/items?id=b07bf7a5-42b6-439f-848d-ce9e3cf840cb,HTTPError('404 Client Error: Not Found for url: /dev/dev/items?id=b07bf7a5-42b6-439f-848d-ce9e3cf840cb'),1
DELETE,/dev/dev/items?id=a8f295c2-f2d4-4fa8-844a-683d6d8bd653,HTTPError('404 Client Error: Not Found for url: /dev/dev/items?id=a8f295c2-f2d4-4fa8-844a-683d6d8bd653'),1
GET,/dev/dev/items?id=78e6f864-51e0-45b6-bc30-2d936ca45faa,HTTPError('404 Client Error: Not Found for url: /dev/dev/items?id=78e6f864-51e0-45b6-bc30-2d936ca45faa'),1
DELETE,/dev/dev/items?id=1015742e-7878-4932-b59f-bba536795c2f,HTTPError('404 Client Error: Not Found for url: /dev/dev/items?id=1015742e-7878-4932-b59f-bba536795c2f'),1
DELETE,/dev/dev/items?id=47d09c51-d85a-4fc0-b4f0-88bed7e31989,HTTPError('404 Client Error: Not Found for url: /dev/dev/items?id=47d09c51-d85a-4fc0-b4f0-88bed7e31989'),1
GET,/dev/dev/items?id=ed8bacbb-33b1-4e42-a0ca-2c503109f808,HTTPError('404 Client Error: Not Found for url: /dev/dev/items?id=ed8bacbb-33b1-4e42-a0ca-2c503109f808'),1
DELETE,/dev/dev/items?id=ce4205f0-c534-4c2a-a286-2f903e2d81fa,HTTPError('404 Client Error: Not Found for url: /dev/dev/items?id=ce4205f0-c534-4c2a-a286-2f903e2d81fa'),1
GET,/dev/dev/items?id=195093ce-5272-40c7-bd4d-d25e1c574ff0,HTTPError('404 Client Error: Not Found for url: /dev/dev/items?id=195093ce-5272-40c7-bd4d-d25e1c574ff0'),1
GET,/dev/dev/items?id=c040807e-2238-40bb-b035-30a7834f7749,HTTPError('404 Client Error: Not Found for url: /dev/dev/items?id=c040807e-2238-40bb-b035-30a7834f7749'),1
DELETE,/dev/dev/items?id=1969ba40-4b22-4ed7-86b8-0b2b448ecd97,HTTPError('404 Client Error: Not Found for url: /dev/dev/items?id=1969ba40-4b22-4ed7-86b8-0b2b448ecd97'),1
GET,/dev/dev/items?id=92df6155-3002-4e05-9284-730d0a91703f,HTTPError('404 Client Error: Not Found for url: /dev/dev/items?id=92df6155-3002-4e05-9284-730d0a91703f'),1
DELETE,/dev/dev/items?id=5401e2db-1b4d-41cb-ad21-1dc6a46c5489,HTTPError('404 Client Error: Not Found for url: /dev/dev/items?id=5401e2db-1b4d-41cb-ad21-1dc6a46c5489'),1
DELETE,/dev/dev/items?id=071088f1-a721-4f82-b48f-fea5c22a3ee2,HTTPError('404 Client Error: Not Found for url: /dev/dev/items?id=071088f1-a721-4f82-b48f-fea5c22a3ee2'),1
DELETE,/dev/dev/items?id=37fb3294-bde6-47a3-8bdc-c8e69e4edb5b,HTTPError('404 Client Error: Not Found for url: /dev/dev/items?id=37fb3294-bde6-47a3-8bdc-c8e69e4edb5b'),1
GET,/dev/dev/items?id=33a24c1d-9704-4528-b1ee-b73f770ed58a,HTTPError('404 Client Error: Not Found for url: /dev/dev/items?id=33a24c1d-9704-4528-b1ee-b73f770ed58a'),1
DELETE,/dev/dev/items?id=459f8995-f1de-4577-956e-dcf57f0dc193,HTTPError('404 Client Error: Not Found for url: /dev/dev/items?id=459f8995-f1de-4577-956e-dcf57f0dc193'),1
GET,/dev/dev/items?id=66850ac6-83d3-4517-b1ff-3d4a7cb93c95,HTTPError('404 Client Error: Not Found for url: /dev/dev/items?id=66850ac6-83d3-4517-b1ff-3d4a7cb93c95'),1
DELETE,/dev/dev/items?id=8d0d3dc8-c69c-4b52-9bc2-24c348029296,HTTPError('404 Client Error: Not Found for url: /dev/dev/items?id=8d0d3dc8-c69c-4b52-9bc2-24c348029296'),1
DELETE,/dev/dev/items?id=dbe31645-42c7-48a0-b1c5-31313b78e41f,HTTPError('404 Client Error: Not Found for url: /dev/dev/items?id=dbe31645-42c7-48a0-b1c5-31313b78e41f'),1
DELETE,/dev/dev/items?id=95b6d8bf-9009-4607-914e-d79cd7c2611b,HTTPError('404 Client Error: Not Found for url: /dev/dev/items?id=95b6d8bf-9009-4607-914e-d79cd7c2611b'),1
DELETE,/dev/dev/items?id=925e84e2-c470-4114-87f4-07a219004b5d,HTTPError('404 Client Error: Not Found for url: /dev/dev/items?id=925e84e2-c470-4114-87f4-07a219004b5d'),1
DELETE,/dev/dev/items?id=fb39c4ec-269f-443a-bfaa-3c5377703642,HTTPError('404 Client Error: Not Found for url: /dev/dev/items?id=fb39c4ec-269f-443a-bfaa-3c5377703642'),1
GET,/dev/dev/items?id=58ebd64c-5645-488e-badd-0ff31f59b3fc,HTTPError('404 Client Error: Not Found for url: /dev/dev/items?id=58ebd64c-5645-488e-badd-0ff31f59b3fc'),1
DELETE,/dev/dev/items?id=ed961ce3-21b6-4f7d-8b84-64eaa5c29993,HTTPError('404 Client Error: Not Found for url: /dev/dev/items?id=ed961ce3-21b6-4f7d-8b84-64eaa5c29993'),1
GET,/dev/dev/items?id=03c58a2a-933b-4f43-9992-0851e859d608,HTTPError('404 Client Error: Not Found for url: /dev/dev/items?id=03c58a2a-933b-4f43-9992-0851e859d608'),1
GET,/dev/dev/items?id=4faecd6a-ea72-4158-b6bd-231fe3d090d1,HTTPError('404 Client Error: Not Found for url: /dev/dev/items?id=4faecd6a-ea72-4158-b6bd-231fe3d090d1'),1
DELETE,/dev/dev/items?id=212ca1dc-ccaf-4a3b-8f10-292d60cf4347,HTTPError('404 Client Error: Not Found for url: /dev/dev/items?id=212ca1dc-ccaf-4a3b-8f10-292d60cf4347'),1
DELETE,/dev/dev/items?id=ca156e69-fe7f-4c39-b06d-97501c9c345e,HTTPError('404 Client Error: Not Found for url: /dev/dev/items?id=ca156e69-fe7f-4c39-b06d-97501c9c345e'),1
DELETE,/dev/dev/items?id=088f1781-8afa-46a5-99b0-e5fdf32a20b8,HTTPError('404 Client Error: Not Found for url: /dev/dev/items?id=088f1781-8afa-46a5-99b0-e5fdf32a20b8'),1
DELETE,/dev/dev/items?id=a56cc425-a56f-4d69-bff7-0ff343f9270c,HTTPError('404 Client Error: Not Found for url: /dev/dev/items?id=a56cc425-a56f-4d69-bff7-0ff343f9270c'),1
GET,/dev/dev/items?id=21fde2d8-3839-4030-991c-e49c052071a7,HTTPError('404 Client Error: Not Found for url: /dev/dev/items?id=21fde2d8-3839-4030-991c-e49c052071a7'),1
DELETE,/dev/dev/items?id=27ebef79-a847-4e4a-872f-734dd1d4d18f,HTTPError('404 Client Error: Not Found for url: /dev/dev/items?id=27ebef79-a847-4e4a-872f-734dd1d4d18f'),1
DELETE,/dev/dev/items?id=82222731-5578-4927-a669-f7fce6960eba,HTTPError('404 Client Error: Not Found for url: /dev/dev/items?id=82222731-5578-4927-a669-f7fce6960eba'),1
GET,/dev/dev/items?id=5b8bcace-b6c6-4e5e-9a93-df9590c46c2f,HTTPError('404 Client Error: Not Found for url: /dev/dev/items?id=5b8bcace-b6c6-4e5e-9a93-df9590c46c2f'),1
GET,/dev/dev/items?id=39f277f9-6c4e-4fdc-8077-222eef4f2cdf,HTTPError('404 Client Error: Not Found for url: /dev/dev/items?id=39f277f9-6c4e-4fdc-8077-222eef4f2cdf'),1
GET,/dev/dev/items?id=33da33ad-e5fd-4bcb-bae1-ad5cdb37e4fb,HTTPError('404 Client Error: Not Found for url: /dev/dev/items?id=33da33ad-e5fd-4bcb-bae1-ad5cdb37e4fb'),1
GET,/dev/dev/items?id=68317eb3-4252-4c0a-a538-47ea25f0383f,HTTPError('404 Client Error: Not Found for url: /dev/dev/items?id=68317eb3-4252-4c0a-a538-47ea25f0383f'),1
DELETE,/dev/dev/items?id=53643ea3-47b9-46ee-8804-32fcac6b4d47,HTTPError('404 Client Error: Not Found for url: /dev/dev/items?id=53643ea3-47b9-46ee-8804-32fcac6b4d47'),1
GET,/dev/dev/items?id=b87c70bf-04cd-4f13-b074-42d4808a570a,HTTPError('404 Client Error: Not Found for url: /dev/dev/items?id=b87c70bf-04cd-4f13-b074-42d4808a570a'),1
DELETE,/dev/dev/items?id=4f411489-0cd7-49fc-8bab-73ac5ae63b5d,HTTPError('404 Client Error: Not Found for url: /dev/dev/items?id=4f411489-0cd7-49fc-8bab-73ac5ae63b5d'),1
GET,/dev/dev/items?id=8a6ec3f1-4469-49e1-92e6-85c49b94c541,HTTPError('404 Client Error: Not Found for url: /dev/dev/items?id=8a6ec3f1-4469-49e1-92e6-85c49b94c541'),1
GET,/dev/dev/items?id=0f3442d8-37f3-449a-8927-326f891c40d0,HTTPError('404 Client Error: Not Found for url: /dev/dev/items?id=0f3442d8-37f3-449a-8927-326f891c40d0'),1
GET,/dev/dev/items?id=fb983552-0433-47ba-8ea6-8ea17bb04b9b,HTTPError('404 Client Error: Not Found for url: /dev/dev/items?id=fb983552-0433-47ba-8ea6-8ea17bb04b9b'),1
DELETE,/dev/dev/items?id=7ded617e-7113-44d3-afa0-3d438251a309,HTTPError('404 Client Error: Not Found for url: /dev/dev/items?id=7ded617e-7113-44d3-afa0-3d438251a309'),1
GET,/dev/dev/items?id=a9f1f4af-d3f4-4eae-b566-998fcc0ee8b1,HTTPError('404 Client Error: Not Found for url: /dev/dev/items?id=a9f1f4af-d3f4-4eae-b566-998fcc0ee8b1'),1
GET,/dev/dev/items?id=1367d81c-5912-4aa1-8824-93ad1ab4c07f,HTTPError('404 Client Error: Not Found for url: /dev/dev/items?id=1367d81c-5912-4aa1-8824-93ad1ab4c07f'),1
DELETE,/dev/dev/items?id=7e44cd74-9b25-41d1-aed5-f8a96598ee9a,HTTPError('404 Client Error: Not Found for url: /dev/dev/items?id=7e44cd74-9b25-41d1-aed5-f8a96598ee9a'),1
DELETE,/dev/dev/items?id=e8de6de7-7117-4f40-8147-c18476db67bf,HTTPError('404 Client Error: Not Found for url: /dev/dev/items?id=e8de6de7-7117-4f40-8147-c18476db67bf'),1
DELETE,/dev/dev/items?id=7461c01d-517e-473f-9256-10ca25ffc0d4,HTTPError('404 Client Error: Not Found for url: /dev/dev/items?id=7461c01d-517e-473f-9256-10ca25ffc0d4'),1
DELETE,/dev/dev/items?id=d73096ee-fc85-4708-9aa1-5b7ab65909c1,HTTPError('404 Client Error: Not Found for url: /dev/dev/items?id=d73096ee-fc85-4708-9aa1-5b7ab65909c1'),1
DELETE,/dev/dev/items?id=14617aba-380d-4335-a2da-ede65814f521,HTTPError('404 Client Error: Not Found for url: /dev/dev/items?id=14617aba-380d-4335-a2da-ede65814f521'),1
DELETE,/dev/dev/items?id=83bcfb27-70a6-422f-a47f-336230e0a045,HTTPError('404 Client Error: Not Found for url: /dev/dev/items?id=83bcfb27-70a6-422f-a47f-336230e0a045'),1
GET,/dev/dev/items?id=fd7e3f9d-2d33-4a72-91cd-67b9ea36a54a,HTTPError('404 Client Error: Not Found for url: /dev/dev/items?id=fd7e3f9d-2d33-4a72-91cd-67b9ea36a54a'),1
GET,/dev/dev/items?id=14def18c-01eb-4e18-aa55-a69d8297788d,HTTPError('404 Client Error: Not Found for url: /dev/dev/items?id=14def18c-01eb-4e18-aa55-a69d8297788d'),1
DELETE,/dev/dev/items?id=4c49d71c-70fa-4493-b99c-0bed0017184d,HTTPError('404 Client Error: Not Found for url: /dev/dev/items?id=4c49d71c-70fa-4493-b99c-0bed0017184d'),1
GET,/dev/dev/items?id=69684499-7546-4c3e-a976-86f6b09086da,HTTPError('404 Client Error: Not Found for url: /dev/dev/items?id=69684499-7546-4c3e-a976-86f6b09086da'),1
GET,/dev/dev/items?id=cfc47418-835d-4345-a883-9b140ef638c0,HTTPError('404 Client Error: Not Found for url: /dev/dev/items?id=cfc47418-835d-4345-a883-9b140ef638c0'),1
DELETE,/dev/dev/items?id=14ec92cb-4268-4a5e-8ec4-07b1567684bb,HTTPError('404 Client Error: Not Found for url: /dev/dev/items?id=14ec92cb-4268-4a5e-8ec4-07b1567684bb'),1
GET,/dev/dev/items?id=9f2d1863-f6be-4b4f-b045-4e58acbabf5e,HTTPError('404 Client Error: Not Found for url: /dev/dev/items?id=9f2d1863-f6be-4b4f-b045-4e58acbabf5e'),1
GET,/dev/dev/items?id=cbc28f52-b5f8-4bc3-8a9a-949d2ddbde2d,HTTPError('404 Client Error: Not Found for url: /dev/dev/items?id=cbc28f52-b5f8-4bc3-8a9a-949d2ddbde2d'),1
DELETE,/dev/dev/items?id=b7c87eae-8e13-4b80-bdba-b0b3ea7c81c2,HTTPError('404 Client Error: Not Found for url: /dev/dev/items?id=b7c87eae-8e13-4b80-bdba-b0b3ea7c81c2'),1
DELETE,/dev/dev/items?id=8a681501-062b-472d-b24a-268d0659fc47,HTTPError('404 Client Error: Not Found for url: /dev/dev/items?id=8a681501-062b-472d-b24a-268d0659fc47'),1
GET,/dev/dev/items?id=a63c755b-4296-4b45-97b6-6f9281919175,HTTPError('404 Client Error: Not Found for url: /dev/dev/items?id=a63c755b-4296-4b45-97b6-6f9281919175'),1
DELETE,/dev/dev/items?id=b78d18cf-9b23-4d9b-b471-ff2a305ae118,HTTPError('404 Client Error: Not Found for url: /dev/dev/items?id=b78d18cf-9b23-4d9b-b471-ff2a305ae118'),1
DELETE,/dev/dev/items?id=48f70b8c-3e0c-4cde-9dca-37507e906438,HTTPError('404 Client Error: Not Found for url: /dev/dev/items?id=48f70b8c-3e0c-4cde-9dca-37507e906438'),1
GET,/dev/dev/items?id=f17858fe-2c8c-45ab-b521-f5f7abe85642,HTTPError('404 Client Error: Not Found for url: /dev/dev/items?id=f17858fe-2c8c-45ab-b521-f5f7abe85642'),1
GET,/dev/dev/items?id=62ddb3f6-a283-4e84-870d-246b4d0e88a3,HTTPError('404 Client Error: Not Found for url: /dev/dev/items?id=62ddb3f6-a283-4e84-870d-246b4d0e88a3'),1
GET,/dev/dev/items?id=39ecec76-ffbc-46ed-9b7a-82985b6d6988,HTTPError('404 Client Error: Not Found for url: /dev/dev/items?id=39ecec76-ffbc-46ed-9b7a-82985b6d6988'),1
DELETE,/dev/dev/items?id=5b0067e4-46c7-4148-91b7-847fb92feac2,HTTPError('404 Client Error: Not Found for url: /dev/dev/items?id=5b0067e4-46c7-4148-91b7-847fb92feac2'),1
GET,/dev/dev/items?id=d7d932f9-0bc5-4092-b154-1c47252eab57,HTTPError('404 Client Error: Not Found for url: /dev/dev/items?id=d7d932f9-0bc5-4092-b154-1c47252eab57'),1
DELETE,/dev/dev/items?id=574ae3a9-d0a7-40ac-964e-3d9fc7fa10c4,HTTPError('404 Client Error: Not Found for url: /dev/dev/items?id=574ae3a9-d0a7-40ac-964e-3d9fc7fa10c4'),1
GET,/dev/dev/items?id=5a65dca1-f98d-48fd-8011-418f7d15324d,HTTPError('404 Client Error: Not Found for url: /dev/dev/items?id=5a65dca1-f98d-48fd-8011-418f7d15324d'),1
DELETE,/dev/dev/items?id=1dcecfec-3b48-497c-86fc-d5d0b87ef8be,HTTPError('404 Client Error: Not Found for url: /dev/dev/items?id=1dcecfec-3b48-497c-86fc-d5d0b87ef8be'),1
GET,/dev/dev/items?id=5ea93bde-6519-426a-93fd-9d8f5169a547,HTTPError('404 Client Error: Not Found for url: /dev/dev/items?id=5ea93bde-6519-426a-93fd-9d8f5169a547'),1
GET,/dev/dev/items?id=d341fc9b-f4e8-4d11-a582-dcf8731a1eda,HTTPError('404 Client Error: Not Found for url: /dev/dev/items?id=d341fc9b-f4e8-4d11-a582-dcf8731a1eda'),1
DELETE,/dev/dev/items?id=c55f9cd1-40f2-4ae1-b71e-a27022416cc9,HTTPError('404 Client Error: Not Found for url: /dev/dev/items?id=c55f9cd1-40f2-4ae1-b71e-a27022416cc9'),1
GET,/dev/dev/items?id=ea1cbf19-d7dc-4a21-9dda-a27b815ed799,HTTPError('404 Client Error: Not Found for url: /dev/dev/items?id=ea1cbf19-d7dc-4a21-9dda-a27b815ed799'),1
DELETE,/dev/dev/items?id=7a2919e4-d766-47ec-ba5a-b648cbca5345,HTTPError('404 Client Error: Not Found for url: /dev/dev/items?id=7a2919e4-d766-47ec-ba5a-b648cbca5345'),1
GET,/dev/dev/items?id=0668b4cc-fef8-498b-bd4c-df8f0c978fee,HTTPError('404 Client Error: Not Found for url: /dev/dev/items?id=0668b4cc-fef8-498b-bd4c-df8f0c978fee'),1
DELETE,/dev/dev/items?id=0fa734a8-fcfc-4d16-a210-94747d38d082,HTTPError('404 Client Error: Not Found for url: /dev/dev/items?id=0fa734a8-fcfc-4d16-a210-94747d38d082'),1
DELETE,/dev/dev/items?id=fe554dda-5953-404e-ae56-608eea21d66e,HTTPError('404 Client Error: Not Found for url: /dev/dev/items?id=fe554dda-5953-404e-ae56-608eea21d66e'),1
GET,/dev/dev/items?id=a4eaf9e0-3281-483c-a6ef-8140fca8cbb9,HTTPError('404 Client Error: Not Found for url: /dev/dev/items?id=a4eaf9e0-3281-483c-a6ef-8140fca8cbb9'),1
DELETE,/dev/dev/items?id=f05e2f7d-11b3-44ed-a1dc-c0ce49c79515,HTTPError('404 Client Error: Not Found for url: /dev/dev/items?id=f05e2f7d-11b3-44ed-a1dc-c0ce49c79515'),1
GET,/dev/dev/items?id=51b5d24c-277f-4321-9dfd-14ffd8dbc89c,HTTPError('404 Client Error: Not Found for url: /dev/dev/items?id=51b5d24c-277f-4321-9dfd-14ffd8dbc89c'),1
DELETE,/dev/dev/items?id=1c750e14-5253-4004-90fd-4da2040947d6,HTTPError('404 Client Error: Not Found for url: /dev/dev/items?id=1c750e14-5253-4004-90fd-4da2040947d6'),1
GET,/dev/dev/items?id=1837824b-ea92-4fb3-a9b2-36cf7f7f9723,HTTPError('404 Client Error: Not Found for url: /dev/dev/items?id=1837824b-ea92-4fb3-a9b2-36cf7f7f9723'),1
DELETE,/dev/dev/items?id=2a3f1c5c-57fe-4441-92c3-d9ae55f62c71,HTTPError('404 Client Error: Not Found for url: /dev/dev/items?id=2a3f1c5c-57fe-4441-92c3-d9ae55f62c71'),1
DELETE,/dev/dev/items?id=29940575-715f-49d0-8189-9f7a798a879f,HTTPError('404 Client Error: Not Found for url: /dev/dev/items?id=29940575-715f-49d0-8189-9f7a798a879f'),1
GET,/dev/dev/items?id=dbc22d25-2cec-4321-97ca-049128f119b3,HTTPError('404 Client Error: Not Found for url: /dev/dev/items?id=dbc22d25-2cec-4321-97ca-049128f119b3'),1
GET,/dev/dev/items?id=f5643cb6-8935-4197-8ce4-9c1e6affa4d5,HTTPError('404 Client Error: Not Found for url: /dev/dev/items?id=f5643cb6-8935-4197-8ce4-9c1e6affa4d5'),1
GET,/dev/dev/items?id=053ce31b-3233-4b8f-9026-b977f11a0078,HTTPError('404 Client Error: Not Found for url: /dev/dev/items?id=053ce31b-3233-4b8f-9026-b977f11a0078'),1
DELETE,/dev/dev/items?id=58ebd64c-5645-488e-badd-0ff31f59b3fc,HTTPError('404 Client Error: Not Found for url: /dev/dev/items?id=58ebd64c-5645-488e-badd-0ff31f59b3fc'),1
GET,/dev/dev/items?id=fcb164ac-ada6-463c-b4bc-2053f3875a68,HTTPError('404 Client Error: Not Found for url: /dev/dev/items?id=fcb164ac-ada6-463c-b4bc-2053f3875a68'),1
DELETE,/dev/dev/items?id=87926caf-eeb1-404a-bf1a-7d45a180cdce,HTTPError('404 Client Error: Not Found for url: /dev/dev/items?id=87926caf-eeb1-404a-bf1a-7d45a180cdce'),1
DELETE,/dev/dev/items?id=b4ff3ee7-8832-4665-b2d6-ec2dfa6a1fe4,HTTPError('404 Client Error: Not Found for url: /dev/dev/items?id=b4ff3ee7-8832-4665-b2d6-ec2dfa6a1fe4'),1
GET,/dev/dev/items?id=66a63f76-54ed-4844-9d66-01911762fcb0,HTTPError('404 Client Error: Not Found for url: /dev/dev/items?id=66a63f76-54ed-4844-9d66-01911762fcb0'),1
GET,/dev/dev/items?id=6134b798-3353-4843-a5eb-e986c17a3d3c,HTTPError('404 Client Error: Not Found for url: /dev/dev/items?id=6134b798-3353-4843-a5eb-e986c17a3d3c'),1
DELETE,/dev/dev/items?id=f7f679dd-4616-4ef4-9680-97b1b30c0d46,HTTPError('404 Client Error: Not Found for url: /dev/dev/items?id=f7f679dd-4616-4ef4-9680-97b1b30c0d46'),1
DELETE,/dev/dev/items?id=16c73ce7-169f-40a1-987e-b700b5d11ad1,HTTPError('404 Client Error: Not Found for url: /dev/dev/items?id=16c73ce7-169f-40a1-987e-b700b5d11ad1'),1
DELETE,/dev/dev/items?id=1d0ebd25-0915-4495-89b1-b27e5f66086e,HTTPError('404 Client Error: Not Found for url: /dev/dev/items?id=1d0ebd25-0915-4495-89b1-b27e5f66086e'),1
DELETE,/dev/dev/items?id=c3dc91c2-fdee-4b95-9514-aad52c36a10f,HTTPError('404 Client Error: Not Found for url: /dev/dev/items?id=c3dc91c2-fdee-4b95-9514-aad52c36a10f'),1
PUT,/dev/dev/items,HTTPError('404 Client Error: Not Found for url: /dev/dev/items'),662
GET,/dev/dev/items?id=f489f777-69bc-4019-bf9a-de1520a9ceb3,HTTPError('404 Client Error: Not Found for url: /dev/dev/items?id=f489f777-69bc-4019-bf9a-de1520a9ceb3'),1
GET,/dev/dev/items?id=5705d932-04b7-4117-9791-6562602a66a7,HTTPError('404 Client Error: Not Found for url: /dev/dev/items?id=5705d932-04b7-4117-9791-6562602a66a7'),1
GET,/dev/dev/items?id=48386c78-c736-4adc-b14c-c53e5d6075ed,HTTPError('404 Client Error: Not Found for url: /dev/dev/items?id=48386c78-c736-4adc-b14c-c53e5d6075ed'),1
GET,/dev/dev/items?id=0b15a5e8-0cb4-4fd6-b93b-acba538f30e1,HTTPError('404 Client Error: Not Found for url: /dev/dev/items?id=0b15a5e8-0cb4-4fd6-b93b-acba538f30e1'),1
DELETE,/dev/dev/items?id=2faf9f92-d7ee-4128-9d4a-614aefa3cdd3,HTTPError('404 Client Error: Not Found for url: /dev/dev/items?id=2faf9f92-d7ee-4128-9d4a-614aefa3cdd3'),1
GET,/dev/dev/items?id=26393c68-463d-45b1-a964-4f3447e9428e,HTTPError('404 Client Error: Not Found for url: /dev/dev/items?id=26393c68-463d-45b1-a964-4f3447e9428e'),1
DELETE,/dev/dev/items?id=ca533b33-0a1e-4324-94c9-55e20ac35995,HTTPError('404 Client Error: Not Found for url: /dev/dev/items?id=ca533b33-0a1e-4324-94c9-55e20ac35995'),1
DELETE,/dev/dev/items?id=3f15208e-450e-49f8-a1d6-c6961381a3a2,HTTPError('404 Client Error: Not Found for url: /dev/dev/items?id=3f15208e-450e-49f8-a1d6-c6961381a3a2'),1
GET,/dev/dev/items?id=1aae132c-e7b5-43b0-9b72-f75631a77119,HTTPError('404 Client Error: Not Found for url: /dev/dev/items?id=1aae132c-e7b5-43b0-9b72-f75631a77119'),1
GET,/dev/dev/items?id=b4ff3ee7-8832-4665-b2d6-ec2dfa6a1fe4,HTTPError('404 Client Error: Not Found for url: /dev/dev/items?id=b4ff3ee7-8832-4665-b2d6-ec2dfa6a1fe4'),1
DELETE,/dev/dev/items?id=38ad4843-54ff-4fa0-b91a-3e077451d770,HTTPError('404 Client Error: Not Found for url: /dev/dev/items?id=38ad4843-54ff-4fa0-b91a-3e077451d770'),1
GET,/dev/dev/items?id=c4d93ad1-b800-4abf-833b-e6e2359381ce,HTTPError('404 Client Error: Not Found for url: /dev/dev/items?id=c4d93ad1-b800-4abf-833b-e6e2359381ce'),1
DELETE,/dev/dev/items?id=75de54ae-54d6-44a0-bdc7-651ccbb2912b,HTTPError('404 Client Error: Not Found for url: /dev/dev/items?id=75de54ae-54d6-44a0-bdc7-651ccbb2912b'),1
GET,/dev/dev/items?id=a2178f54-5aed-4682-bdde-53b3eba8def1,HTTPError('404 Client Error: Not Found for url: /dev/dev/items?id=a2178f54-5aed-4682-bdde-53b3eba8def1'),1
DELETE,/dev/dev/items?id=0f3442d8-37f3-449a-8927-326f891c40d0,HTTPError('404 Client Error: Not Found for url: /dev/dev/items?id=0f3442d8-37f3-449a-8927-326f891c40d0'),1
DELETE,/dev/dev/items?id=2eae1c1b-24c0-4cdf-a060-0f14b2fef69f,HTTPError('404 Client Error: Not Found for url: /dev/dev/items?id=2eae1c1b-24c0-4cdf-a060-0f14b2fef69f'),1
GET,/dev/dev/items?id=c2ed247e-614d-423d-af45-17fd6d14da54,HTTPError('404 Client Error: Not Found for url: /dev/dev/items?id=c2ed247e-614d-423d-af45-17fd6d14da54'),1
GET,/dev/dev/items?id=1015742e-7878-4932-b59f-bba536795c2f,HTTPError('404 Client Error: Not Found for url: /dev/dev/items?id=1015742e-7878-4932-b59f-bba536795c2f'),1
DELETE,/dev/dev/items?id=f44280d8-c145-4ddb-a419-70ad4a4cfe9a,HTTPError('404 Client Error: Not Found for url: /dev/dev/items?id=f44280d8-c145-4ddb-a419-70ad4a4cfe9a'),1
DELETE,/dev/dev/items?id=ce1a0ade-7a6f-45d7-8026-c01e57c34fba,HTTPError('404 Client Error: Not Found for url: /dev/dev/items?id=ce1a0ade-7a6f-45d7-8026-c01e57c34fba'),1
DELETE,/dev/dev/items?id=48f9d9e1-0728-4eae-8235-964d14e2ec90,HTTPError('404 Client Error: Not Found for url: /dev/dev/items?id=48f9d9e1-0728-4eae-8235-964d14e2ec90'),1
GET,/dev/dev/items?id=5fb92566-a716-41ff-b97c-0302d0d0a750,HTTPError('404 Client Error: Not Found for url: /dev/dev/items?id=5fb92566-a716-41ff-b97c-0302d0d0a750'),1
DELETE,/dev/dev/items?id=1367d81c-5912-4aa1-8824-93ad1ab4c07f,HTTPError('404 Client Error: Not Found for url: /dev/dev/items?id=1367d81c-5912-4aa1-8824-93ad1ab4c07f'),1
DELETE,/dev/dev/items?id=70d0accf-23d0-4dd0-9def-7c204c3e347c,HTTPError('404 Client Error: Not Found for url: /dev/dev/items?id=70d0accf-23d0-4dd0-9def-7c204c3e347c'),1
GET,/dev/dev/items?id=3b1cfec4-2cf1-48b8-a99a-001d2e28a778,HTTPError('404 Client Error: Not Found for url: /dev/dev/items?id=3b1cfec4-2cf1-48b8-a99a-001d2e28a778'),1
DELETE,/dev/dev/items?id=395eb821-3981-44e2-9ab7-4a42a8f32ab6,HTTPError('404 Client Error: Not Found for url: /dev/dev/items?id=395eb821-3981-44e2-9ab7-4a42a8f32ab6'),1
DELETE,/dev/dev/items?id=90e7f081-53bf-460d-a4dc-d75fb5cb0f3e,HTTPError('404 Client Error: Not Found for url: /dev/dev/items?id=90e7f081-53bf-460d-a4dc-d75fb5cb0f3e'),1
GET,/dev/dev/items?id=87a273fc-bf05-434d-8102-3088d159aff8,HTTPError('404 Client Error: Not Found for url: /dev/dev/items?id=87a273fc-bf05-434d-8102-3088d159aff8'),1
GET,/dev/dev/items?id=8b65a41f-b1bc-4464-a2a5-973b27c3b198,HTTPError('404 Client Error: Not Found for url: /dev/dev/items?id=8b65a41f-b1bc-4464-a2a5-973b27c3b198'),1
GET,/dev/dev/items?id=a2634309-8f57-4a7c-b9aa-b5644a83c1bc,HTTPError('404 Client Error: Not Found for url: /dev/dev/items?id=a2634309-8f57-4a7c-b9aa-b5644a83c1bc'),1
DELETE,/dev/dev/items?id=6819d157-c106-4341-ad66-3de9a0a4dc7e,HTTPError('404 Client Error: Not Found for url: /dev/dev/items?id=6819d157-c106-4341-ad66-3de9a0a4dc7e'),1
GET,/dev/dev/items?id=c13aeac1-f082-41d8-9dd2-d311724e8fb2,HTTPError('404 Client Error: Not Found for url: /dev/dev/items?id=c13aeac1-f082-41d8-9dd2-d311724e8fb2'),1
DELETE,/dev/dev/items?id=3a4497db-5e18-43c3-9078-33a9585382ec,HTTPError('404 Client Error: Not Found for url: /dev/dev/items?id=3a4497db-5e18-43c3-9078-33a9585382ec'),1
GET,/dev/dev/items?id=153df37b-60d1-44ee-8c72-dc6b2c693546,HTTPError('404 Client Error: Not Found for url: /dev/dev/items?id=153df37b-60d1-44ee-8c72-dc6b2c693546'),1
DELETE,/dev/dev/items?id=952f15e2-d69a-4761-ae26-a6a0c15c29f1,HTTPError('404 Client Error: Not Found for url: /dev/dev/items?id=952f15e2-d69a-4761-ae26-a6a0c15c29f1'),1
DELETE,/dev/dev/items?id=27be322d-b23d-45e1-8a2a-015800cda79e,HTTPError('404 Client Error: Not Found for url: /dev/dev/items?id=27be322d-b23d-45e1-8a2a-015800cda79e'),1
DELETE,/dev/dev/items?id=01bc1143-6705-40a0-ad85-062455defb0c,HTTPError('404 Client Error: Not Found for url: /dev/dev/items?id=01bc1143-6705-40a0-ad85-062455defb0c'),1
DELETE,/dev/dev/items?id=2e38afd4-29d1-488d-9da6-eb2cd86747d1,HTTPError('404 Client Error: Not Found for url: /dev/dev/items?id=2e38afd4-29d1-488d-9da6-eb2cd86747d1'),1
GET,/dev/dev/items?id=4cf5a556-df5c-464e-b386-345301ffe712,HTTPError('404 Client Error: Not Found for url: /dev/dev/items?id=4cf5a556-df5c-464e-b386-345301ffe712'),1
DELETE,/dev/dev/items?id=8b370c50-b859-4c44-b01a-af9b17bd5657,HTTPError('404 Client Error: Not Found for url: /dev/dev/items?id=8b370c50-b859-4c44-b01a-af9b17bd5657'),1
DELETE,/dev/dev/items?id=222e705a-d2b7-4c01-866a-86e8fe0f024e,HTTPError('404 Client Error: Not Found for url: /dev/dev/items?id=222e705a-d2b7-4c01-866a-86e8fe0f024e'),1
GET,/dev/dev/items?id=327c3768-83f7-4fa1-91ac-bde5b894ed43,HTTPError('404 Client Error: Not Found for url: /dev/dev/items?id=327c3768-83f7-4fa1-91ac-bde5b894ed43'),1
GET,/dev/dev/items?id=e844907d-c362-44ce-9bb6-94e6d664b512,HTTPError('404 Client Error: Not Found for url: /dev/dev/items?id=e844907d-c362-44ce-9bb6-94e6d664b512'),1
GET,/dev/dev/items?id=212ca1dc-ccaf-4a3b-8f10-292d60cf4347,HTTPError('404 Client Error: Not Found for url: /dev/dev/items?id=212ca1dc-ccaf-4a3b-8f10-292d60cf4347'),1
GET,/dev/dev/items?id=732c49ff-2391-4a4f-92ff-7645641de1d2,HTTPError('404 Client Error: Not Found for url: /dev/dev/items?id=732c49ff-2391-4a4f-92ff-7645641de1d2'),1
DELETE,/dev/dev/items?id=e13aadd3-3796-4d6d-ae0b-7d86eed48af8,HTTPError('404 Client Error: Not Found for url: /dev/dev/items?id=e13aadd3-3796-4d6d-ae0b-7d86eed48af8'),1
GET,/dev/dev/items?id=27c81cdc-a286-40d8-945b-363a28c3e0a8,HTTPError('404 Client Error: Not Found for url: /dev/dev/items?id=27c81cdc-a286-40d8-945b-363a28c3e0a8'),1
DELETE,/dev/dev/items?id=3a78de93-849f-4d34-a78b-61f7132cea4f,HTTPError('404 Client Error: Not Found for url: /dev/dev/items?id=3a78de93-849f-4d34-a78b-61f7132cea4f'),1
GET,/dev/dev/items?id=9bdd567d-0056-4e90-ade7-edbf8450cbcc,HTTPError('404 Client Error: Not Found for url: /dev/dev/items?id=9bdd567d-0056-4e90-ade7-edbf8450cbcc'),1
GET,/dev/dev/items?id=1c750e14-5253-4004-90fd-4da2040947d6,HTTPError('404 Client Error: Not Found for url: /dev/dev/items?id=1c750e14-5253-4004-90fd-4da2040947d6'),1
DELETE,/dev/dev/items?id=efd78883-4524-4520-8e7c-e8c53b6a03b7,HTTPError('404 Client Error: Not Found for url: /dev/dev/items?id=efd78883-4524-4520-8e7c-e8c53b6a03b7'),1
GET,/dev/dev/items?id=b48206af-1b67-40fb-954f-9727f2b71ade,HTTPError('404 Client Error: Not Found for url: /dev/dev/items?id=b48206af-1b67-40fb-954f-9727f2b71ade'),1
GET,/dev/dev/items?id=2fd86424-b541-4107-bc9c-61f79bba49f2,HTTPError('404 Client Error: Not Found for url: /dev/dev/items?id=2fd86424-b541-4107-bc9c-61f79bba49f2'),1
DELETE,/dev/dev/items?id=c4ac2d09-965a-442b-a92b-c8caabbc9930,HTTPError('404 Client Error: Not Found for url: /dev/dev/items?id=c4ac2d09-965a-442b-a92b-c8caabbc9930'),1
DELETE,/dev/dev/items?id=f17858fe-2c8c-45ab-b521-f5f7abe85642,HTTPError('404 Client Error: Not Found for url: /dev/dev/items?id=f17858fe-2c8c-45ab-b521-f5f7abe85642'),1
DELETE,/dev/dev/items?id=fb983552-0433-47ba-8ea6-8ea17bb04b9b,HTTPError('404 Client Error: Not Found for url: /dev/dev/items?id=fb983552-0433-47ba-8ea6-8ea17bb04b9b'),1
GET,/dev/dev/items?id=7bc1a805-5fbc-4aa5-b821-67b57ef38f7e,HTTPError('404 Client Error: Not Found for url: /dev/dev/items?id=7bc1a805-5fbc-4aa5-b821-67b57ef38f7e'),1
DELETE,/dev/dev/items?id=35e139c4-1ea4-4c1c-b418-ccb335f18659,HTTPError('404 Client Error: Not Found for url: /dev/dev/items?id=35e139c4-1ea4-4c1c-b418-ccb335f18659'),1
GET,/dev/dev/items?id=fa00bf10-a8de-48d6-b609-9d22f0f95c76,HTTPError('404 Client Error: Not Found for url: /dev/dev/items?id=fa00bf10-a8de-48d6-b609-9d22f0f95c76'),1
DELETE,/dev/dev/items?id=1dbff082-74d6-4012-87a0-ea9c678a7d09,HTTPError('404 Client Error: Not Found for url: /dev/dev/items?id=1dbff082-74d6-4012-87a0-ea9c678a7d09'),1
GET,/dev/dev/items?id=0c58a0ef-0b0e-49c4-af91-9f426e20c2e3,HTTPError('404 Client Error: Not Found for url: /dev/dev/items?id=0c58a0ef-0b0e-49c4-af91-9f426e20c2e3'),1
DELETE,/dev/dev/items?id=a26a49c6-f7df-4c92-922a-9b3aa9f6620c,HTTPError('404 Client Error: Not Found for url: /dev/dev/items?id=a26a49c6-f7df-4c92-922a-9b3aa9f6620c'),1
GET,/dev/dev/items?id=d951e1c0-336e-4a3b-bf25-c72f28c37b52,HTTPError('404 Client Error: Not Found for url: /dev/dev/items?id=d951e1c0-336e-4a3b-bf25-c72f28c37b52'),1
GET,/dev/dev/items?id=78ea376e-afc8-4da3-bb97-b3a814d8d135,HTTPError('404 Client Error: Not Found for url: /dev/dev/items?id=78ea376e-afc8-4da3-bb97-b3a814d8d135'),1
DELETE,/dev/dev/items?id=5fc154d3-b8ce-47dc-bfd0-d949380ea724,HTTPError('404 Client Error: Not Found for url: /dev/dev/items?id=5fc154d3-b8ce-47dc-bfd0-d949380ea724'),1
DELETE,/dev/dev/items?id=fde6afe1-5eb5-46f2-93c1-32a61a540781,HTTPError('404 Client Error: Not Found for url: /dev/dev/items?id=fde6afe1-5eb5-46f2-93c1-32a61a540781'),1
GET,/dev/dev/items?id=4d2f8911-36b2-4c1f-99e8-c5ddd5017bee,HTTPError('404 Client Error: Not Found for url: /dev/dev/items?id=4d2f8911-36b2-4c1f-99e8-c5ddd5017bee'),1
DELETE,/dev/dev/items?id=e653871e-0139-41ed-b51d-275c018ee564,HTTPError('404 Client Error: Not Found for url: /dev/dev/items?id=e653871e-0139-41ed-b51d-275c018ee564'),1
DELETE,/dev/dev/items?id=df25b03d-2d75-4dd0-93ea-c1c5f481e998,HTTPError('404 Client Error: Not Found for url: /dev/dev/items?id=df25b03d-2d75-4dd0-93ea-c1c5f481e998'),1
GET,/dev/dev/items?id=49145e27-5e8a-4346-9984-cb8b843371ef,HTTPError('404 Client Error: Not Found for url: /dev/dev/items?id=49145e27-5e8a-4346-9984-cb8b843371ef'),1
DELETE,/dev/dev/items?id=c4f9cc0e-ac6a-472f-9f98-30d6044d138c,HTTPError('404 Client Error: Not Found for url: /dev/dev/items?id=c4f9cc0e-ac6a-472f-9f98-30d6044d138c'),1
DELETE,/dev/dev/items?id=edd5b3f3-2a73-43de-af93-d5a7f981a689,HTTPError('404 Client Error: Not Found for url: /dev/dev/items?id=edd5b3f3-2a73-43de-af93-d5a7f981a689'),1
GET,/dev/dev/items?id=7a2a973c-af1b-4324-8165-a6802c6f8458,HTTPError('404 Client Error: Not Found for url: /dev/dev/items?id=7a2a973c-af1b-4324-8165-a6802c6f8458'),1
DELETE,/dev/dev/items?id=955d0af3-a5ad-4a20-9f08-359b77f138e0,HTTPError('404 Client Error: Not Found for url: /dev/dev/items?id=955d0af3-a5ad-4a20-9f08-359b77f138e0'),1
DELETE,/dev/dev/items?id=cf6815bf-9022-43ad-b4ca-ba016762c73b,HTTPError('404 Client Error: Not Found for url: /dev/dev/items?id=cf6815bf-9022-43ad-b4ca-ba016762c73b'),1
DELETE,/dev/dev/items?id=053ce31b-3233-4b8f-9026-b977f11a0078,HTTPError('404 Client Error: Not Found for url: /dev/dev/items?id=053ce31b-3233-4b8f-9026-b977f11a0078'),1
GET,/dev/dev/items?id=955d0af3-a5ad-4a20-9f08-359b77f138e0,HTTPError('404 Client Error: Not Found for url: /dev/dev/items?id=955d0af3-a5ad-4a20-9f08-359b77f138e0'),1
DELETE,/dev/dev/items?id=23dda76e-34ca-4ef2-8bc5-aaaa0e49e74e,HTTPError('404 Client Error: Not Found for url: /dev/dev/items?id=23dda76e-34ca-4ef2-8bc5-aaaa0e49e74e'),1
GET,/dev/dev/items?id=ed12545b-3d2f-48d2-9ea2-b19b2154a63f,HTTPError('404 Client Error: Not Found for url: /dev/dev/items?id=ed12545b-3d2f-48d2-9ea2-b19b2154a63f'),1
GET,/dev/dev/items?id=f44280d8-c145-4ddb-a419-70ad4a4cfe9a,HTTPError('404 Client Error: Not Found for url: /dev/dev/items?id=f44280d8-c145-4ddb-a419-70ad4a4cfe9a'),1
GET,/dev/dev/items?id=0e3e5621-953e-4506-a0bc-de84aff455f8,HTTPError('404 Client Error: Not Found for url: /dev/dev/items?id=0e3e5621-953e-4506-a0bc-de84aff455f8'),1
DELETE,/dev/dev/items?id=4d2f8911-36b2-4c1f-99e8-c5ddd5017bee,HTTPError('404 Client Error: Not Found for url: /dev/dev/items?id=4d2f8911-36b2-4c1f-99e8-c5ddd5017bee'),1
GET,/dev/dev/items?id=416e9e4e-7975-4d3b-9a4e-dc52e51e38d7,HTTPError('404 Client Error: Not Found for url: /dev/dev/items?id=416e9e4e-7975-4d3b-9a4e-dc52e51e38d7'),1
DELETE,/dev/dev/items?id=5c6e6ceb-7a46-4a32-ace7-3128f42afdbf,HTTPError('404 Client Error: Not Found for url: /dev/dev/items?id=5c6e6ceb-7a46-4a32-ace7-3128f42afdbf'),1
GET,/dev/dev/items?id=388d750c-ebe8-44c5-9c0b-99229f52a537,HTTPError('404 Client Error: Not Found for url: /dev/dev/items?id=388d750c-ebe8-44c5-9c0b-99229f52a537'),1
DELETE,/dev/dev/items?id=60a94209-fc81-4ead-9554-0eb059e61553,HTTPError('404 Client Error: Not Found for url: /dev/dev/items?id=60a94209-fc81-4ead-9554-0eb059e61553'),1
GET,/dev/dev/items?id=ea3c0301-4307-47f7-94f7-5d6fdee30405,HTTPError('404 Client Error: Not Found for url: /dev/dev/items?id=ea3c0301-4307-47f7-94f7-5d6fdee30405'),1
DELETE,/dev/dev/items?id=a4eaf9e0-3281-483c-a6ef-8140fca8cbb9,HTTPError('404 Client Error: Not Found for url: /dev/dev/items?id=a4eaf9e0-3281-483c-a6ef-8140fca8cbb9'),1
GET,/dev/dev/items?id=26bc16a5-8cfa-4014-932a-7f7f46f8e3b1,HTTPError('404 Client Error: Not Found for url: /dev/dev/items?id=26bc16a5-8cfa-4014-932a-7f7f46f8e3b1'),1
GET,/dev/dev/items?id=14ec92cb-4268-4a5e-8ec4-07b1567684bb,HTTPError('404 Client Error: Not Found for url: /dev/dev/items?id=14ec92cb-4268-4a5e-8ec4-07b1567684bb'),1
DELETE,/dev/dev/items?id=3274722f-8349-4017-952a-b4c3fe3a9b2f,HTTPError('404 Client Error: Not Found for url: /dev/dev/items?id=3274722f-8349-4017-952a-b4c3fe3a9b2f'),1
DELETE,/dev/dev/items?id=153df37b-60d1-44ee-8c72-dc6b2c693546,HTTPError('404 Client Error: Not Found for url: /dev/dev/items?id=153df37b-60d1-44ee-8c72-dc6b2c693546'),1
GET,/dev/dev/items?id=e8474eef-939e-4932-9321-f5ec3993c4c3,HTTPError('404 Client Error: Not Found for url: /dev/dev/items?id=e8474eef-939e-4932-9321-f5ec3993c4c3'),1
DELETE,/dev/dev/items?id=f80698f7-10e9-4324-87a1-4ca4e525ede0,HTTPError('404 Client Error: Not Found for url: /dev/dev/items?id=f80698f7-10e9-4324-87a1-4ca4e525ede0'),1
DELETE,/dev/dev/items?id=406a2abc-ec12-458f-8d9b-baea2d832859,HTTPError('404 Client Error: Not Found for url: /dev/dev/items?id=406a2abc-ec12-458f-8d9b-baea2d832859'),1
DELETE,/dev/dev/items?id=6aa225ba-18b2-45a9-b7b3-a20128086348,HTTPError('404 Client Error: Not Found for url: /dev/dev/items?id=6aa225ba-18b2-45a9-b7b3-a20128086348'),1
GET,/dev/dev/items?id=500b816a-03d5-4ba2-a87b-e6bcafa00ec1,HTTPError('404 Client Error: Not Found for url: /dev/dev/items?id=500b816a-03d5-4ba2-a87b-e6bcafa00ec1'),1
GET,/dev/dev/items?id=66d877a2-dfe0-4d47-9113-57ec26aefe32,HTTPError('404 Client Error: Not Found for url: /dev/dev/items?id=66d877a2-dfe0-4d47-9113-57ec26aefe32'),1
GET,/dev/dev/items?id=d11afdb7-659f-4049-b46f-acbb165fba7b,HTTPError('404 Client Error: Not Found for url: /dev/dev/items?id=d11afdb7-659f-4049-b46f-acbb165fba7b'),1
DELETE,/dev/dev/items?id=41ad0c86-dd02-41bb-8b59-72a3740ca2cf,HTTPError('404 Client Error: Not Found for url: /dev/dev/items?id=41ad0c86-dd02-41bb-8b59-72a3740ca2cf'),1
GET,/dev/dev/items?id=a8f295c2-f2d4-4fa8-844a-683d6d8bd653,HTTPError('404 Client Error: Not Found for url: /dev/dev/items?id=a8f295c2-f2d4-4fa8-844a-683d6d8bd653'),1
DELETE,/dev/dev/items?id=4b640de7-e802-4df6-9174-15d46f2378de,HTTPError('404 Client Error: Not Found for url: /dev/dev/items?id=4b640de7-e802-4df6-9174-15d46f2378de'),1
GET,/dev/dev/items?id=6dd16b48-1ad6-427b-9ce8-80a93f5afab7,HTTPError('404 Client Error: Not Found for url: /dev/dev/items?id=6dd16b48-1ad6-427b-9ce8-80a93f5afab7'),1
DELETE,/dev/dev/items?id=ba0218fc-212c-4a92-a7e6-21eb9509ed79,HTTPError('404 Client Error: Not Found for url: /dev/dev/items?id=ba0218fc-212c-4a92-a7e6-21eb9509ed79'),1
GET,/dev/dev/items?id=8a3f4165-ef9a-4507-bdd9-9fa282805f2d,HTTPError('404 Client Error: Not Found for url: /dev/dev/items?id=8a3f4165-ef9a-4507-bdd9-9fa282805f2d'),1
GET,/dev/dev/items?id=d7a56ad3-4fc5-4a41-9dfa-9a6e2c81d3df,HTTPError('404 Client Error: Not Found for url: /dev/dev/items?id=d7a56ad3-4fc5-4a41-9dfa-9a6e2c81d3df'),1
GET,/dev/dev/items?id=80a95838-d7b8-499a-a5ca-48a9731b254b,HTTPError('404 Client Error: Not Found for url: /dev/dev/items?id=80a95838-d7b8-499a-a5ca-48a9731b254b'),1
GET,/dev/dev/items?id=cb378ad1-892a-45d0-a396-802818bd999c,HTTPError('404 Client Error: Not Found for url: /dev/dev/items?id=cb378ad1-892a-45d0-a396-802818bd999c'),1
DELETE,/dev/dev/items?id=a756a2a1-80f7-434f-8a1e-9d22b92834e6,HTTPError('404 Client Error: Not Found for url: /dev/dev/items?id=a756a2a1-80f7-434f-8a1e-9d22b92834e6'),1
DELETE,/dev/dev/items?id=3e74d8d3-e910-496d-9e34-0df10c33c152,HTTPError('404 Client Error: Not Found for url: /dev/dev/items?id=3e74d8d3-e910-496d-9e34-0df10c33c152'),1
GET,/dev/dev/items?id=f80698f7-10e9-4324-87a1-4ca4e525ede0,HTTPError('404 Client Error: Not Found for url: /dev/dev/items?id=f80698f7-10e9-4324-87a1-4ca4e525ede0'),1
DELETE,/dev/dev/items?id=844c9dcc-0682-49a1-bc50-399bd847fb58,HTTPError('404 Client Error: Not Found for url: /dev/dev/items?id=844c9dcc-0682-49a1-bc50-399bd847fb58'),1
DELETE,/dev/dev/items?id=ddd64da5-7608-4c91-aad4-6f21a1e705e6,HTTPError('404 Client Error: Not Found for url: /dev/dev/items?id=ddd64da5-7608-4c91-aad4-6f21a1e705e6'),1
GET,/dev/dev/items?id=5dcf88a6-1734-4f15-9b79-0345443772ff,HTTPError('404 Client Error: Not Found for url: /dev/dev/items?id=5dcf88a6-1734-4f15-9b79-0345443772ff'),1
DELETE,/dev/dev/items?id=c1c85d06-a151-4cf6-a75d-6a005457622c,HTTPError('404 Client Error: Not Found for url: /dev/dev/items?id=c1c85d06-a151-4cf6-a75d-6a005457622c'),1
DELETE,/dev/dev/items?id=2d0aa1ad-5092-458a-8af2-9a08118410ed,HTTPError('404 Client Error: Not Found for url: /dev/dev/items?id=2d0aa1ad-5092-458a-8af2-9a08118410ed'),1
GET,/dev/dev/items?id=e653871e-0139-41ed-b51d-275c018ee564,HTTPError('404 Client Error: Not Found for url: /dev/dev/items?id=e653871e-0139-41ed-b51d-275c018ee564'),1
GET,/dev/dev/items?id=2363a83c-9576-4326-bdf2-8862030ebf13,HTTPError('404 Client Error: Not Found for url: /dev/dev/items?id=2363a83c-9576-4326-bdf2-8862030ebf13'),1
GET,/dev/dev/items?id=a26c5aab-4d4b-4413-b0bb-2936de74a40d,HTTPError('404 Client Error: Not Found for url: /dev/dev/items?id=a26c5aab-4d4b-4413-b0bb-2936de74a40d'),1
DELETE,/dev/dev/items?id=0f055dbb-f9e9-49a1-9565-073476a8b74d,HTTPError('404 Client Error: Not Found for url: /dev/dev/items?id=0f055dbb-f9e9-49a1-9565-073476a8b74d'),1
GET,/dev/dev/items?id=1697eba5-c46e-44a0-853b-87543bb434a5,HTTPError('404 Client Error: Not Found for url: /dev/dev/items?id=1697eba5-c46e-44a0-853b-87543bb434a5'),1
GET,/dev/dev/items?id=80e33560-76be-4920-b2aa-44ee192eda76,HTTPError('404 Client Error: Not Found for url: /dev/dev/items?id=80e33560-76be-4920-b2aa-44ee192eda76'),1
GET,/dev/dev/items?id=c318a99f-6227-44c2-8c88-3bf04d662042,HTTPError('404 Client Error: Not Found for url: /dev/dev/items?id=c318a99f-6227-44c2-8c88-3bf04d662042'),1
GET,/dev/dev/items?id=bac2bb68-ddf0-40c8-b7a3-8846ab0f638d,HTTPError('404 Client Error: Not Found for url: /dev/dev/items?id=bac2bb68-ddf0-40c8-b7a3-8846ab0f638d'),1
DELETE,/dev/dev/items?id=5e254f5a-6451-4a26-9b8b-47390aa1fa72,HTTPError('404 Client Error: Not Found for url: /dev/dev/items?id=5e254f5a-6451-4a26-9b8b-47390aa1fa72'),1
DELETE,/dev/dev/items?id=a2634309-8f57-4a7c-b9aa-b5644a83c1bc,HTTPError('404 Client Error: Not Found for url: /dev/dev/items?id=a2634309-8f57-4a7c-b9aa-b5644a83c1bc'),1
DELETE,/dev/dev/items?id=50ebdae0-12fa-4bad-bd5f-098c960cac37,HTTPError('404 Client Error: Not Found for url: /dev/dev/items?id=50ebdae0-12fa-4bad-bd5f-098c960cac37'),1
DELETE,/dev/dev/items?id=160b648d-3ac6-4a91-bb6a-daaa26657b4b,HTTPError('404 Client Error: Not Found for url: /dev/dev/items?id=160b648d-3ac6-4a91-bb6a-daaa26657b4b'),1
DELETE,/dev/dev/items?id=20bf0078-abb7-4376-8873-aab77283d439,HTTPError('404 Client Error: Not Found for url: /dev/dev/items?id=20bf0078-abb7-4376-8873-aab77283d439'),1
GET,/dev/dev/items?id=751f8415-7880-4970-85f9-6f82bbedeeeb,HTTPError('404 Client Error: Not Found for url: /dev/dev/items?id=751f8415-7880-4970-85f9-6f82bbedeeeb'),1
DELETE,/dev/dev/items?id=398e28bb-2050-4046-9db8-ee8a2c97138e,HTTPError('404 Client Error: Not Found for url: /dev/dev/items?id=398e28bb-2050-4046-9db8-ee8a2c97138e'),1
GET,/dev/dev/items?id=37ec056f-e480-4557-a1b4-9f7e4ed33001,HTTPError('404 Client Error: Not Found for url: /dev/dev/items?id=37ec056f-e480-4557-a1b4-9f7e4ed33001'),1
DELETE,/dev/dev/items?id=bcb96a2a-6014-45be-b572-8a62a3e76437,HTTPError('404 Client Error: Not Found for url: /dev/dev/items?id=bcb96a2a-6014-45be-b572-8a62a3e76437'),1
DELETE,/dev/dev/items?id=f6beb659-d168-4ae7-990e-e104486bf761,HTTPError('404 Client Error: Not Found for url: /dev/dev/items?id=f6beb659-d168-4ae7-990e-e104486bf761'),1
GET,/dev/dev/items?id=6440cebf-33bf-4f5a-861b-cb3e1ba68da8,HTTPError('404 Client Error: Not Found for url: /dev/dev/items?id=6440cebf-33bf-4f5a-861b-cb3e1ba68da8'),1
DELETE,/dev/dev/items?id=e995c25a-f7ac-44d5-958a-b2bec79747fd,HTTPError('404 Client Error: Not Found for url: /dev/dev/items?id=e995c25a-f7ac-44d5-958a-b2bec79747fd'),1
DELETE,/dev/dev/items?id=6083d956-b7ca-4ea6-ada6-a0fa88cb7d21,HTTPError('404 Client Error: Not Found for url: /dev/dev/items?id=6083d956-b7ca-4ea6-ada6-a0fa88cb7d21'),1
DELETE,/dev/dev/items?id=b8b0501e-5c5b-4a13-ae7b-832701aa99fe,HTTPError('404 Client Error: Not Found for url: /dev/dev/items?id=b8b0501e-5c5b-4a13-ae7b-832701aa99fe'),1
GET,/dev/dev/items?id=67e59f72-2d66-45ac-bf06-e67572f9c560,HTTPError('404 Client Error: Not Found for url: /dev/dev/items?id=67e59f72-2d66-45ac-bf06-e67572f9c560'),1
DELETE,/dev/dev/items?id=ff93c986-9282-487a-97a9-9c7f4e5c4287,HTTPError('404 Client Error: Not Found for url: /dev/dev/items?id=ff93c986-9282-487a-97a9-9c7f4e5c4287'),1
GET,/dev/dev/items?id=29d4b9c0-a41d-4035-ad78-74a9e216d754,HTTPError('404 Client Error: Not Found for url: /dev/dev/items?id=29d4b9c0-a41d-4035-ad78-74a9e216d754'),1
GET,/dev/dev/items?id=b9e49d64-db99-4fdf-8812-e2d5a5d8438b,HTTPError('404 Client Error: Not Found for url: /dev/dev/items?id=b9e49d64-db99-4fdf-8812-e2d5a5d8438b'),1
DELETE,/dev/dev/items?id=8ce0ddf3-f764-4bac-89a3-33fdefb38807,HTTPError('404 Client Error: Not Found for url: /dev/dev/items?id=8ce0ddf3-f764-4bac-89a3-33fdefb38807'),1
DELETE,/dev/dev/items?id=14def18c-01eb-4e18-aa55-a69d8297788d,HTTPError('404 Client Error: Not Found for url: /dev/dev/items?id=14def18c-01eb-4e18-aa55-a69d8297788d'),1
DELETE,/dev/dev/items?id=8a36f02f-60fc-4837-9ac3-9806b1b6b536,HTTPError('404 Client Error: Not Found for url: /dev/dev/items?id=8a36f02f-60fc-4837-9ac3-9806b1b6b536'),1
DELETE,/dev/dev/items?id=1d55056e-9ee5-43b9-b6c7-b3ee37a4179e,HTTPError('404 Client Error: Not Found for url: /dev/dev/items?id=1d55056e-9ee5-43b9-b6c7-b3ee37a4179e'),1
DELETE,/dev/dev/items?id=9f84fdd4-df84-4391-a85b-ef7525d4f173,HTTPError('404 Client Error: Not Found for url: /dev/dev/items?id=9f84fdd4-df84-4391-a85b-ef7525d4f173'),1
GET,/dev/dev/items?id=f978d4be-ed5a-4417-9540-a65b9eb0f839,HTTPError('404 Client Error: Not Found for url: /dev/dev/items?id=f978d4be-ed5a-4417-9540-a65b9eb0f839'),1
DELETE,/dev/dev/items?id=1837824b-ea92-4fb3-a9b2-36cf7f7f9723,HTTPError('404 Client Error: Not Found for url: /dev/dev/items?id=1837824b-ea92-4fb3-a9b2-36cf7f7f9723'),1
GET,/dev/dev/items?id=f70bbada-77c8-4427-9008-ce05adb434a6,HTTPError('404 Client Error: Not Found for url: /dev/dev/items?id=f70bbada-77c8-4427-9008-ce05adb434a6'),1
GET,/dev/dev/items?id=5f0ccffa-0005-49e5-8863-833b688ca48e,HTTPError('404 Client Error: Not Found for url: /dev/dev/items?id=5f0ccffa-0005-49e5-8863-833b688ca48e'),1
GET,/dev/dev/items?id=68b30fa0-aa26-41b5-b6dd-d78c5eec4204,HTTPError('404 Client Error: Not Found for url: /dev/dev/items?id=68b30fa0-aa26-41b5-b6dd-d78c5eec4204'),1
DELETE,/dev/dev/items?id=17a732d2-840f-4ec1-a48c-58d83a48125a,HTTPError('404 Client Error: Not Found for url: /dev/dev/items?id=17a732d2-840f-4ec1-a48c-58d83a48125a'),1
GET,/dev/dev/items?id=ecb63e31-ec7b-4d03-a2c2-6eeb056f689d,HTTPError('404 Client Error: Not Found for url: /dev/dev/items?id=ecb63e31-ec7b-4d03-a2c2-6eeb056f689d'),1
DELETE,/dev/dev/items?id=87a273fc-bf05-434d-8102-3088d159aff8,HTTPError('404 Client Error: Not Found for url: /dev/dev/items?id=87a273fc-bf05-434d-8102-3088d159aff8'),1
GET,/dev/dev/items?id=071088f1-a721-4f82-b48f-fea5c22a3ee2,HTTPError('404 Client Error: Not Found for url: /dev/dev/items?id=071088f1-a721-4f82-b48f-fea5c22a3ee2'),1
DELETE,/dev/dev/items?id=ff58164f-9a58-4a1e-b9b1-f1fd065648a5,HTTPError('404 Client Error: Not Found for url: /dev/dev/items?id=ff58164f-9a58-4a1e-b9b1-f1fd065648a5'),1
GET,/dev/dev/items?id=4cb90546-557e-45e2-a454-69d1a40fd32e,HTTPError('404 Client Error: Not Found for url: /dev/dev/items?id=4cb90546-557e-45e2-a454-69d1a40fd32e'),1
GET,/dev/dev/items?id=ee38f05a-4c59-4d11-a5ce-ef37a6176419,HTTPError('404 Client Error: Not Found for url: /dev/dev/items?id=ee38f05a-4c59-4d11-a5ce-ef37a6176419'),1
DELETE,/dev/dev/items?id=2ea2f06a-02b4-4974-8fff-22e3f1a12709,HTTPError('404 Client Error: Not Found for url: /dev/dev/items?id=2ea2f06a-02b4-4974-8fff-22e3f1a12709'),1
GET,/dev/dev/items?id=f0adcd0d-908c-4256-b58b-1bd01686891f,HTTPError('404 Client Error: Not Found for url: /dev/dev/items?id=f0adcd0d-908c-4256-b58b-1bd01686891f'),1
GET,/dev/dev/items?id=cf6815bf-9022-43ad-b4ca-ba016762c73b,HTTPError('404 Client Error: Not Found for url: /dev/dev/items?id=cf6815bf-9022-43ad-b4ca-ba016762c73b'),1
DELETE,/dev/dev/items?id=26393c68-463d-45b1-a964-4f3447e9428e,HTTPError('404 Client Error: Not Found for url: /dev/dev/items?id=26393c68-463d-45b1-a964-4f3447e9428e'),1
DELETE,/dev/dev/items?id=75429179-683e-4f36-8277-8399d43da531,HTTPError('404 Client Error: Not Found for url: /dev/dev/items?id=75429179-683e-4f36-8277-8399d43da531'),1
DELETE,/dev/dev/items?id=51b5d24c-277f-4321-9dfd-14ffd8dbc89c,HTTPError('404 Client Error: Not Found for url: /dev/dev/items?id=51b5d24c-277f-4321-9dfd-14ffd8dbc89c'),1
GET,/dev/dev/items?id=15e4a557-2189-44e4-9f60-fe2f2a932fda,HTTPError('404 Client Error: Not Found for url: /dev/dev/items?id=15e4a557-2189-44e4-9f60-fe2f2a932fda'),1
GET,/dev/dev/items?id=20bf0078-abb7-4376-8873-aab77283d439,HTTPError('404 Client Error: Not Found for url: /dev/dev/items?id=20bf0078-abb7-4376-8873-aab77283d439'),1
DELETE,/dev/dev/items?id=164288d7-b6b4-49f7-b8fd-ba8dbe301810,HTTPError('404 Client Error: Not Found for url: /dev/dev/items?id=164288d7-b6b4-49f7-b8fd-ba8dbe301810'),1
GET,/dev/dev/items?id=cf85af84-6e8c-402b-b7a4-770e238e9bde,HTTPError('404 Client Error: Not Found for url: /dev/dev/items?id=cf85af84-6e8c-402b-b7a4-770e238e9bde'),1
DELETE,/dev/dev/items?id=235201e9-f1a2-4dd0-8980-25b76ce9e08d,HTTPError('404 Client Error: Not Found for url: /dev/dev/items?id=235201e9-f1a2-4dd0-8980-25b76ce9e08d'),1
DELETE,/dev/dev/items?id=e844907d-c362-44ce-9bb6-94e6d664b512,HTTPError('404 Client Error: Not Found for url: /dev/dev/items?id=e844907d-c362-44ce-9bb6-94e6d664b512'),1
GET,/dev/dev/items?id=dcc3bf56-25fe-4e58-8e87-89bee6740963,HTTPError('404 Client Error: Not Found for url: /dev/dev/items?id=dcc3bf56-25fe-4e58-8e87-89bee6740963'),1
GET,/dev/dev/items?id=4f411489-0cd7-49fc-8bab-73ac5ae63b5d,HTTPError('404 Client Error: Not Found for url: /dev/dev/items?id=4f411489-0cd7-49fc-8bab-73ac5ae63b5d'),1
DELETE,/dev/dev/items?id=d937373b-57af-46b6-8892-b12b536850d9,HTTPError('404 Client Error: Not Found for url: /dev/dev/items?id=d937373b-57af-46b6-8892-b12b536850d9'),1
GET,/dev/dev/items?id=e61c3628-6989-445a-85cd-17d84eacbc46,HTTPError('404 Client Error: Not Found for url: /dev/dev/items?id=e61c3628-6989-445a-85cd-17d84eacbc46'),1
GET,/dev/dev/items?id=c30b9e54-df77-4e34-a41e-01f5187807f2,HTTPError('404 Client Error: Not Found for url: /dev/dev/items?id=c30b9e54-df77-4e34-a41e-01f5187807f2'),1
GET,/dev/dev/items?id=83c00919-9c20-4a69-85e4-2f7ab120c63d,HTTPError('404 Client Error: Not Found for url: /dev/dev/items?id=83c00919-9c20-4a69-85e4-2f7ab120c63d'),1
GET,/dev/dev/items?id=d6abfed4-f7d4-4d2b-a8b6-2b052218078d,HTTPError('404 Client Error: Not Found for url: /dev/dev/items?id=d6abfed4-f7d4-4d2b-a8b6-2b052218078d'),1
DELETE,/dev/dev/items?id=d648736e-2525-4cd9-a34f-4086531975d4,HTTPError('404 Client Error: Not Found for url: /dev/dev/items?id=d648736e-2525-4cd9-a34f-4086531975d4'),1
DELETE,/dev/dev/items?id=8a6ec3f1-4469-49e1-92e6-85c49b94c541,HTTPError('404 Client Error: Not Found for url: /dev/dev/items?id=8a6ec3f1-4469-49e1-92e6-85c49b94c541'),1
GET,/dev/dev/items?id=80322d46-b97c-4edb-855d-68bb9405952e,HTTPError('404 Client Error: Not Found for url: /dev/dev/items?id=80322d46-b97c-4edb-855d-68bb9405952e'),1
DELETE,/dev/dev/items?id=a3aad2a9-d306-4403-bbf6-1691efe614df,HTTPError('404 Client Error: Not Found for url: /dev/dev/items?id=a3aad2a9-d306-4403-bbf6-1691efe614df'),1
GET,/dev/dev/items?id=01bc1143-6705-40a0-ad85-062455defb0c,HTTPError('404 Client Error: Not Found for url: /dev/dev/items?id=01bc1143-6705-40a0-ad85-062455defb0c'),1
DELETE,/dev/dev/items?id=cca37ce4-fd8a-4e72-9d44-e9cce6b50f66,HTTPError('404 Client Error: Not Found for url: /dev/dev/items?id=cca37ce4-fd8a-4e72-9d44-e9cce6b50f66'),1
DELETE,/dev/dev/items?id=c692827e-f1e5-4b56-9e25-83403324ec94,HTTPError('404 Client Error: Not Found for url: /dev/dev/items?id=c692827e-f1e5-4b56-9e25-83403324ec94'),1
GET,/dev/dev/items?id=2eae1c1b-24c0-4cdf-a060-0f14b2fef69f,HTTPError('404 Client Error: Not Found for url: /dev/dev/items?id=2eae1c1b-24c0-4cdf-a060-0f14b2fef69f'),1
DELETE,/dev/dev/items?id=c2cc8bf2-e567-448b-bce9-af7b771c22fa,HTTPError('404 Client Error: Not Found for url: /dev/dev/items?id=c2cc8bf2-e567-448b-bce9-af7b771c22fa'),1
GET,/dev/dev/items?id=c3dc91c2-fdee-4b95-9514-aad52c36a10f,HTTPError('404 Client Error: Not Found for url: /dev/dev/items?id=c3dc91c2-fdee-4b95-9514-aad52c36a10f'),1
GET,/dev/dev/items?id=9f106745-7331-49d0-9428-2c06d72dc93c,HTTPError('404 Client Error: Not Found for url: /dev/dev/items?id=9f106745-7331-49d0-9428-2c06d72dc93c'),1
GET,/dev/dev/items?id=844c9dcc-0682-49a1-bc50-399bd847fb58,HTTPError('404 Client Error: Not Found for url: /dev/dev/items?id=844c9dcc-0682-49a1-bc50-399bd847fb58'),1
DELETE,/dev/dev/items?id=8ab2a000-1fb8-461a-9226-31e341693726,HTTPError('404 Client Error: Not Found for url: /dev/dev/items?id=8ab2a000-1fb8-461a-9226-31e341693726'),1
DELETE,/dev/dev/items?id=f7820ec8-2040-4262-bdce-6ec2347e81a5,HTTPError('404 Client Error: Not Found for url: /dev/dev/items?id=f7820ec8-2040-4262-bdce-6ec2347e81a5'),1
GET,/dev/dev/items?id=088f1781-8afa-46a5-99b0-e5fdf32a20b8,HTTPError('404 Client Error: Not Found for url: /dev/dev/items?id=088f1781-8afa-46a5-99b0-e5fdf32a20b8'),1
DELETE,/dev/dev/items?id=8b65a41f-b1bc-4464-a2a5-973b27c3b198,HTTPError('404 Client Error: Not Found for url: /dev/dev/items?id=8b65a41f-b1bc-4464-a2a5-973b27c3b198'),1
DELETE,/dev/dev/items?id=5fcbd8b5-f895-4ece-8983-b0e799c8a3e9,HTTPError('404 Client Error: Not Found for url: /dev/dev/items?id=5fcbd8b5-f895-4ece-8983-b0e799c8a3e9'),1
DELETE,/dev/dev/items?id=7f8c45a2-4b72-4fd2-9c15-c29491772709,HTTPError('404 Client Error: Not Found for url: /dev/dev/items?id=7f8c45a2-4b72-4fd2-9c15-c29491772709'),1
DELETE,/dev/dev/items?id=72d95aae-913b-4662-87d1-d3847b12b768,HTTPError('404 Client Error: Not Found for url: /dev/dev/items?id=72d95aae-913b-4662-87d1-d3847b12b768'),1
GET,/dev/dev/items?id=d2423bd2-c3e8-4142-9d42-5e962fa1d633,HTTPError('404 Client Error: Not Found for url: /dev/dev/items?id=d2423bd2-c3e8-4142-9d42-5e962fa1d633'),1
GET,/dev/dev/items?id=395eb821-3981-44e2-9ab7-4a42a8f32ab6,HTTPError('404 Client Error: Not Found for url: /dev/dev/items?id=395eb821-3981-44e2-9ab7-4a42a8f32ab6'),1
DELETE,/dev/dev/items?id=6ce99273-f027-4118-8f6a-5b29a2451089,HTTPError('404 Client Error: Not Found for url: /dev/dev/items?id=6ce99273-f027-4118-8f6a-5b29a2451089'),1
GET,/dev/dev/items?id=84e04b59-ca53-43ce-a25f-01a67a169571,HTTPError('404 Client Error: Not Found for url: /dev/dev/items?id=84e04b59-ca53-43ce-a25f-01a67a169571'),1
GET,/dev/dev/items?id=da67e245-f33b-4a7c-a9a2-6aa910ab7ac3,HTTPError('404 Client Error: Not Found for url: /dev/dev/items?id=da67e245-f33b-4a7c-a9a2-6aa910ab7ac3'),1
GET,/dev/dev/items?id=efd78883-4524-4520-8e7c-e8c53b6a03b7,HTTPError('404 Client Error: Not Found for url: /dev/dev/items?id=efd78883-4524-4520-8e7c-e8c53b6a03b7'),1
GET,/dev/dev/items?id=5c4d1b78-692b-49e4-acee-651f4a65883e,HTTPError('404 Client Error: Not Found for url: /dev/dev/items?id=5c4d1b78-692b-49e4-acee-651f4a65883e'),1
DELETE,/dev/dev/items?id=82123aa4-65d5-4579-832a-3a0ec8461281,HTTPError('404 Client Error: Not Found for url: /dev/dev/items?id=82123aa4-65d5-4579-832a-3a0ec8461281'),1
GET,/dev/dev/items?id=5c601392-cb7a-414f-87b6-95d854ef85c9,HTTPError('404 Client Error: Not Found for url: /dev/dev/items?id=5c601392-cb7a-414f-87b6-95d854ef85c9'),1
DELETE,/dev/dev/items?id=9de31886-f411-498d-8591-1064fa611ce9,HTTPError('404 Client Error: Not Found for url: /dev/dev/items?id=9de31886-f411-498d-8591-1064fa611ce9'),1
DELETE,/dev/dev/items?id=3f7215d2-920f-4799-bfff-7c7a39607710,HTTPError('404 Client Error: Not Found for url: /dev/dev/items?id=3f7215d2-920f-4799-bfff-7c7a39607710'),1
GET,/dev/dev/items?id=d8157383-9a27-4e50-9426-202565636b98,HTTPError('404 Client Error: Not Found for url: /dev/dev/items?id=d8157383-9a27-4e50-9426-202565636b98'),1
DELETE,/dev/dev/items?id=a85c33df-53d9-44a0-a9f7-120a8e585fb4,HTTPError('404 Client Error: Not Found for url: /dev/dev/items?id=a85c33df-53d9-44a0-a9f7-120a8e585fb4'),1
DELETE,/dev/dev/items?id=2363a83c-9576-4326-bdf2-8862030ebf13,HTTPError('404 Client Error: Not Found for url: /dev/dev/items?id=2363a83c-9576-4326-bdf2-8862030ebf13'),1
DELETE,/dev/dev/items?id=d951e1c0-336e-4a3b-bf25-c72f28c37b52,HTTPError('404 Client Error: Not Found for url: /dev/dev/items?id=d951e1c0-336e-4a3b-bf25-c72f28c37b52'),1
GET,/dev/dev/items?id=3dc1925d-e7b0-4842-b3f6-8cee737d0b4e,HTTPError('404 Client Error: Not Found for url: /dev/dev/items?id=3dc1925d-e7b0-4842-b3f6-8cee737d0b4e'),1
GET,/dev/dev/items?id=f90021b3-ec0b-4dd1-8aac-4502c777083a,HTTPError('404 Client Error: Not Found for url: /dev/dev/items?id=f90021b3-ec0b-4dd1-8aac-4502c777083a'),1
DELETE,/dev/dev/items?id=30e86b3d-c903-4f73-88f5-407a3bf469a6,HTTPError('404 Client Error: Not Found for url: /dev/dev/items?id=30e86b3d-c903-4f73-88f5-407a3bf469a6'),1
GET,/dev/dev/items?id=9ce4a806-878d-44b7-ae0c-255743698fd7,HTTPError('404 Client Error: Not Found for url: /dev/dev/items?id=9ce4a806-878d-44b7-ae0c-255743698fd7'),1
DELETE,/dev/dev/items?id=55c7980d-648f-49a3-b69e-bf38543a47ae,HTTPError('404 Client Error: Not Found for url: /dev/dev/items?id=55c7980d-648f-49a3-b69e-bf38543a47ae'),1
GET,/dev/dev/items?id=0778957e-fe47-429f-ba01-2e22e300302c,HTTPError('404 Client Error: Not Found for url: /dev/dev/items?id=0778957e-fe47-429f-ba01-2e22e300302c'),1
GET,/dev/dev/items?id=27ebef79-a847-4e4a-872f-734dd1d4d18f,HTTPError('404 Client Error: Not Found for url: /dev/dev/items?id=27ebef79-a847-4e4a-872f-734dd1d4d18f'),1
DELETE,/dev/dev/items?id=a810e3db-437a-4f7d-942c-776ed09d894e,HTTPError('404 Client Error: Not Found for url: /dev/dev/items?id=a810e3db-437a-4f7d-942c-776ed09d894e'),1
DELETE,/dev/dev/items?id=af16e2a6-0a18-45ad-b0d3-159b4cbd7aa3,HTTPError('404 Client Error: Not Found for url: /dev/dev/items?id=af16e2a6-0a18-45ad-b0d3-159b4cbd7aa3'),1
GET,/dev/dev/items?id=01108a99-6e54-4bfa-8140-ae27ebc77bd9,HTTPError('404 Client Error: Not Found for url: /dev/dev/items?id=01108a99-6e54-4bfa-8140-ae27ebc77bd9'),1
GET,/dev/dev/items?id=18cb05c0-d283-46f6-b02c-0fef6e31c075,HTTPError('404 Client Error: Not Found for url: /dev/dev/items?id=18cb05c0-d283-46f6-b02c-0fef6e31c075'),1
GET,/dev/dev/items?id=0fa734a8-fcfc-4d16-a210-94747d38d082,HTTPError('404 Client Error: Not Found for url: /dev/dev/items?id=0fa734a8-fcfc-4d16-a210-94747d38d082'),1
DELETE,/dev/dev/items?id=4bdb1742-3f71-42dd-a77b-f41694081754,HTTPError('404 Client Error: Not Found for url: /dev/dev/items?id=4bdb1742-3f71-42dd-a77b-f41694081754'),1
GET,/dev/dev/items?id=711c3794-f76c-4d0e-83be-972ad71cbc16,HTTPError('404 Client Error: Not Found for url: /dev/dev/items?id=711c3794-f76c-4d0e-83be-972ad71cbc16'),1
GET,/dev/dev/items?id=32d3d175-6d4c-4b50-b712-67338757a48a,HTTPError('404 Client Error: Not Found for url: /dev/dev/items?id=32d3d175-6d4c-4b50-b712-67338757a48a'),1
GET,/dev/dev/items?id=9767df11-67e7-4ec2-aed9-eb057344523b,HTTPError('404 Client Error: Not Found for url: /dev/dev/items?id=9767df11-67e7-4ec2-aed9-eb057344523b'),1
GET,/dev/dev/items?id=241f2876-7c41-4092-8a03-af86d992d47b,HTTPError('404 Client Error: Not Found for url: /dev/dev/items?id=241f2876-7c41-4092-8a03-af86d992d47b'),1
GET,/dev/dev/items?id=d77c7f80-903a-467c-bee1-2b38add30e60,HTTPError('404 Client Error: Not Found for url: /dev/dev/items?id=d77c7f80-903a-467c-bee1-2b38add30e60'),1
GET,/dev/dev/items?id=60e91622-6bf9-4121-b5a0-7ad48aff33a9,HTTPError('404 Client Error: Not Found for url: /dev/dev/items?id=60e91622-6bf9-4121-b5a0-7ad48aff33a9'),1
GET,/dev/dev/items?id=ca664f67-dc90-458b-9cc0-52c260f95105,HTTPError('404 Client Error: Not Found for url: /dev/dev/items?id=ca664f67-dc90-458b-9cc0-52c260f95105'),1
GET,/dev/dev/items?id=3e74d8d3-e910-496d-9e34-0df10c33c152,HTTPError('404 Client Error: Not Found for url: /dev/dev/items?id=3e74d8d3-e910-496d-9e34-0df10c33c152'),1
GET,/dev/dev/items?id=2834a6ae-2ee1-4b00-a6ba-73364e94ca88,HTTPError('404 Client Error: Not Found for url: /dev/dev/items?id=2834a6ae-2ee1-4b00-a6ba-73364e94ca88'),1
GET,/dev/dev/items?id=391991c3-9966-4285-9baa-ae60fc2aa879,HTTPError('404 Client Error: Not Found for url: /dev/dev/items?id=391991c3-9966-4285-9baa-ae60fc2aa879'),1
GET,/dev/dev/items?id=ed961ce3-21b6-4f7d-8b84-64eaa5c29993,HTTPError('404 Client Error: Not Found for url: /dev/dev/items?id=ed961ce3-21b6-4f7d-8b84-64eaa5c29993'),1
GET,/dev/dev/items?id=3f7215d2-920f-4799-bfff-7c7a39607710,HTTPError('404 Client Error: Not Found for url: /dev/dev/items?id=3f7215d2-920f-4799-bfff-7c7a39607710'),1
GET,/dev/dev/items?id=e995c25a-f7ac-44d5-958a-b2bec79747fd,HTTPError('404 Client Error: Not Found for url: /dev/dev/items?id=e995c25a-f7ac-44d5-958a-b2bec79747fd'),1
GET,/dev/dev/items?id=bb84c437-c956-4b25-bea0-32b2af045b08,HTTPError('404 Client Error: Not Found for url: /dev/dev/items?id=bb84c437-c956-4b25-bea0-32b2af045b08'),1
GET,/dev/dev/items?id=a919f318-3b55-48ee-ae96-0bd11a2a4f3b,HTTPError('404 Client Error: Not Found for url: /dev/dev/items?id=a919f318-3b55-48ee-ae96-0bd11a2a4f3b'),1
GET,/dev/dev/items?id=6ce99273-f027-4118-8f6a-5b29a2451089,HTTPError('404 Client Error: Not Found for url: /dev/dev/items?id=6ce99273-f027-4118-8f6a-5b29a2451089'),1
DELETE,/dev/dev/items?id=ee38f05a-4c59-4d11-a5ce-ef37a6176419,HTTPError('404 Client Error: Not Found for url: /dev/dev/items?id=ee38f05a-4c59-4d11-a5ce-ef37a6176419'),1
GET,/dev/dev/items?id=c692827e-f1e5-4b56-9e25-83403324ec94,HTTPError('404 Client Error: Not Found for url: /dev/dev/items?id=c692827e-f1e5-4b56-9e25-83403324ec94'),1
DELETE,/dev/dev/items?id=ed7182f4-2e60-4d80-b03c-1120039060ab,HTTPError('404 Client Error: Not Found for url: /dev/dev/items?id=ed7182f4-2e60-4d80-b03c-1120039060ab'),1
GET,/dev/dev/items?id=30e86b3d-c903-4f73-88f5-407a3bf469a6,HTTPError('404 Client Error: Not Found for url: /dev/dev/items?id=30e86b3d-c903-4f73-88f5-407a3bf469a6'),1
GET,/dev/dev/items?id=6d3c5e73-906c-451e-bda4-685a13b214ae,HTTPError('404 Client Error: Not Found for url: /dev/dev/items?id=6d3c5e73-906c-451e-bda4-685a13b214ae'),1
GET,/dev/dev/items?id=f05e2f7d-11b3-44ed-a1dc-c0ce49c79515,HTTPError('404 Client Error: Not Found for url: /dev/dev/items?id=f05e2f7d-11b3-44ed-a1dc-c0ce49c79515'),1
DELETE,/dev/dev/items?id=3d1db220-4810-48ba-9776-83825e59d9a1,HTTPError('404 Client Error: Not Found for url: /dev/dev/items?id=3d1db220-4810-48ba-9776-83825e59d9a1'),1
DELETE,/dev/dev/items?id=6e910d73-0cb3-4aec-b240-80749313ba36,HTTPError('404 Client Error: Not Found for url: /dev/dev/items?id=6e910d73-0cb3-4aec-b240-80749313ba36'),1
GET,/dev/dev/items?id=7b62a679-7726-48ef-b867-fbdf0be1ed4a,HTTPError('404 Client Error: Not Found for url: /dev/dev/items?id=7b62a679-7726-48ef-b867-fbdf0be1ed4a'),1
DELETE,/dev/dev/items?id=a7b137c2-9893-42cc-9e8f-d8654ad1f09d,HTTPError('404 Client Error: Not Found for url: /dev/dev/items?id=a7b137c2-9893-42cc-9e8f-d8654ad1f09d'),1
DELETE,/dev/dev/items?id=e461e398-190e-4f89-9e4b-13a73091c16e,HTTPError('404 Client Error: Not Found for url: /dev/dev/items?id=e461e398-190e-4f89-9e4b-13a73091c16e'),1
DELETE,/dev/dev/items?id=9de5251b-60cc-42c7-8082-542321287395,HTTPError('404 Client Error: Not Found for url: /dev/dev/items?id=9de5251b-60cc-42c7-8082-542321287395'),1
GET,/dev/dev/items?id=7a2919e4-d766-47ec-ba5a-b648cbca5345,HTTPError('404 Client Error: Not Found for url: /dev/dev/items?id=7a2919e4-d766-47ec-ba5a-b648cbca5345'),1
DELETE,/dev/dev/items?id=1fee846f-8f11-4b9f-981a-cde18560d6d2,HTTPError('404 Client Error: Not Found for url: /dev/dev/items?id=1fee846f-8f11-4b9f-981a-cde18560d6d2'),1
DELETE,/dev/dev/items?id=069b5aa0-9641-46db-b0f2-1c72fcd4308f,HTTPError('404 Client Error: Not Found for url: /dev/dev/items?id=069b5aa0-9641-46db-b0f2-1c72fcd4308f'),1
GET,/dev/dev/items?id=66871999-4fc3-45c2-be3e-97e9d44ab323,HTTPError('404 Client Error: Not Found for url: /dev/dev/items?id=66871999-4fc3-45c2-be3e-97e9d44ab323'),1
GET,/dev/dev/items?id=7e0881a3-cbfd-4f6a-87f4-97c52d31f2eb,HTTPError('404 Client Error: Not Found for url: /dev/dev/items?id=7e0881a3-cbfd-4f6a-87f4-97c52d31f2eb'),1
GET,/dev/dev/items?id=2acb85c3-6f27-4bd4-bd4e-a71f6d792887,HTTPError('404 Client Error: Not Found for url: /dev/dev/items?id=2acb85c3-6f27-4bd4-bd4e-a71f6d792887'),1
DELETE,/dev/dev/items?id=6c74b818-dfe8-4ccb-8dca-f3c5f12b9da3,HTTPError('404 Client Error: Not Found for url: /dev/dev/items?id=6c74b818-dfe8-4ccb-8dca-f3c5f12b9da3'),1
DELETE,/dev/dev/items?id=4f9ddb6e-a927-4f88-a0ae-c159a836c790,HTTPError('404 Client Error: Not Found for url: /dev/dev/items?id=4f9ddb6e-a927-4f88-a0ae-c159a836c790'),1
DELETE,/dev/dev/items?id=530ce7ef-8b0a-494b-b709-869e697d88fc,HTTPError('404 Client Error: Not Found for url: /dev/dev/items?id=530ce7ef-8b0a-494b-b709-869e697d88fc'),1
GET,/dev/dev/items?id=63be7144-b90d-463c-b063-1eb3bd57048b,HTTPError('404 Client Error: Not Found for url: /dev/dev/items?id=63be7144-b90d-463c-b063-1eb3bd57048b'),1
GET,/dev/dev/items?id=9a3cae9a-9806-44a6-b6e2-a5b735f59fac,HTTPError('404 Client Error: Not Found for url: /dev/dev/items?id=9a3cae9a-9806-44a6-b6e2-a5b735f59fac'),1
DELETE,/dev/dev/items?id=cf28a9cf-81d2-4f90-9e54-54bd9a922270,HTTPError('404 Client Error: Not Found for url: /dev/dev/items?id=cf28a9cf-81d2-4f90-9e54-54bd9a922270'),1
DELETE,/dev/dev/items?id=9b4ee2d7-fd2c-4950-a162-2f913a06fc21,HTTPError('404 Client Error: Not Found for url: /dev/dev/items?id=9b4ee2d7-fd2c-4950-a162-2f913a06fc21'),1
DELETE,/dev/dev/items?id=b07bf7a5-42b6-439f-848d-ce9e3cf840cb,HTTPError('404 Client Error: Not Found for url: /dev/dev/items?id=b07bf7a5-42b6-439f-848d-ce9e3cf840cb'),1
GET,/dev/dev/items?id=e8de6de7-7117-4f40-8147-c18476db67bf,HTTPError('404 Client Error: Not Found for url: /dev/dev/items?id=e8de6de7-7117-4f40-8147-c18476db67bf'),1
GET,/dev/dev/items?id=c3b00f45-eaf0-426a-b926-4cca6db30161,HTTPError('404 Client Error: Not Found for url: /dev/dev/items?id=c3b00f45-eaf0-426a-b926-4cca6db30161'),1
DELETE,/dev/dev/items?id=66850ac6-83d3-4517-b1ff-3d4a7cb93c95,HTTPError('404 Client Error: Not Found for url: /dev/dev/items?id=66850ac6-83d3-4517-b1ff-3d4a7cb93c95'),1
DELETE,/dev/dev/items?id=33da33ad-e5fd-4bcb-bae1-ad5cdb37e4fb,HTTPError('404 Client Error: Not Found for url: /dev/dev/items?id=33da33ad-e5fd-4bcb-bae1-ad5cdb37e4fb'),1
GET,/dev/dev/items?id=e1d95cf2-4323-42f5-aa07-d568d2eace29,HTTPError('404 Client Error: Not Found for url: /dev/dev/items?id=e1d95cf2-4323-42f5-aa07-d568d2eace29'),1
DELETE,/dev/dev/items?id=d432dea8-da20-4fe0-a238-dbeac4cec850,HTTPError('404 Client Error: Not Found for url: /dev/dev/items?id=d432dea8-da20-4fe0-a238-dbeac4cec850'),1
GET,/dev/dev/items?id=190a87d8-640b-414f-aada-507b3831d06b,HTTPError('404 Client Error: Not Found for url: /dev/dev/items?id=190a87d8-640b-414f-aada-507b3831d06b'),1
GET,/dev/dev/items?id=08033771-14a6-4a4c-bb8b-b063c92345a5,HTTPError('404 Client Error: Not Found for url: /dev/dev/items?id=08033771-14a6-4a4c-bb8b-b063c92345a5'),1
GET,/dev/dev/items?id=031de05b-8fe4-441b-a6fe-5c8a4494f331,HTTPError('404 Client Error: Not Found for url: /dev/dev/items?id=031de05b-8fe4-441b-a6fe-5c8a4494f331'),1
GET,/dev/dev/items?id=951b6f54-4bbe-49af-a91a-337c84b58061,HTTPError('404 Client Error: Not Found for url: /dev/dev/items?id=951b6f54-4bbe-49af-a91a-337c84b58061'),1
GET,/dev/dev/items?id=17a732d2-840f-4ec1-a48c-58d83a48125a,HTTPError('404 Client Error: Not Found for url: /dev/dev/items?id=17a732d2-840f-4ec1-a48c-58d83a48125a'),1
DELETE,/dev/dev/items?id=6b12106c-d5b3-4063-896d-1c707b9831ca,HTTPError('404 Client Error: Not Found for url: /dev/dev/items?id=6b12106c-d5b3-4063-896d-1c707b9831ca'),1
DELETE,/dev/dev/items?id=62ddb3f6-a283-4e84-870d-246b4d0e88a3,HTTPError('404 Client Error: Not Found for url: /dev/dev/items?id=62ddb3f6-a283-4e84-870d-246b4d0e88a3'),1
DELETE,/dev/dev/items?id=22436608-a104-4328-bcf2-9becd91b8a61,HTTPError('404 Client Error: Not Found for url: /dev/dev/items?id=22436608-a104-4328-bcf2-9becd91b8a61'),1
DELETE,/dev/dev/items?id=da32641c-c23d-4f46-a678-58c314c40760,HTTPError('404 Client Error: Not Found for url: /dev/dev/items?id=da32641c-c23d-4f46-a678-58c314c40760'),1
DELETE,/dev/dev/items?id=ea3c0301-4307-47f7-94f7-5d6fdee30405,HTTPError('404 Client Error: Not Found for url: /dev/dev/items?id=ea3c0301-4307-47f7-94f7-5d6fdee30405'),1
DELETE,/dev/dev/items?id=cf85af84-6e8c-402b-b7a4-770e238e9bde,HTTPError('404 Client Error: Not Found for url: /dev/dev/items?id=cf85af84-6e8c-402b-b7a4-770e238e9bde'),1
GET,/dev/dev/items?id=d3673a31-ecf3-41e7-92fb-d7396096ec2a,HTTPError('404 Client Error: Not Found for url: /dev/dev/items?id=d3673a31-ecf3-41e7-92fb-d7396096ec2a'),1
GET,/dev/dev/items?id=e461e398-190e-4f89-9e4b-13a73091c16e,HTTPError('404 Client Error: Not Found for url: /dev/dev/items?id=e461e398-190e-4f89-9e4b-13a73091c16e'),1
DELETE,/dev/dev/items?id=29e994b8-8ebf-40d2-8fc1-872ffead2b98,HTTPError('404 Client Error: Not Found for url: /dev/dev/items?id=29e994b8-8ebf-40d2-8fc1-872ffead2b98'),1
GET,/dev/dev/items?id=b6c4343e-43ef-449a-b5ee-a03bd09dc844,HTTPError('404 Client Error: Not Found for url: /dev/dev/items?id=b6c4343e-43ef-449a-b5ee-a03bd09dc844'),1
DELETE,/dev/dev/items?id=80322d46-b97c-4edb-855d-68bb9405952e,HTTPError('404 Client Error: Not Found for url: /dev/dev/items?id=80322d46-b97c-4edb-855d-68bb9405952e'),1
DELETE,/dev/dev/items?id=e9586839-9702-4e93-8bb8-a5997aadd735,HTTPError('404 Client Error: Not Found for url: /dev/dev/items?id=e9586839-9702-4e93-8bb8-a5997aadd735'),1
GET,/dev/dev/items?id=82081ded-10bf-4d49-8227-17e4156b09e0,HTTPError('404 Client Error: Not Found for url: /dev/dev/items?id=82081ded-10bf-4d49-8227-17e4156b09e0'),1
GET,/dev/dev/items?id=75de54ae-54d6-44a0-bdc7-651ccbb2912b,HTTPError('404 Client Error: Not Found for url: /dev/dev/items?id=75de54ae-54d6-44a0-bdc7-651ccbb2912b'),1
GET,/dev/dev/items?id=44b7792d-746d-4cf9-a2e6-837640d958c2,HTTPError('404 Client Error: Not Found for url: /dev/dev/items?id=44b7792d-746d-4cf9-a2e6-837640d958c2'),1
GET,/dev/dev/items?id=1ecb4502-30c1-491a-b133-ad829060b76e,HTTPError('404 Client Error: Not Found for url: /dev/dev/items?id=1ecb4502-30c1-491a-b133-ad829060b76e'),1
DELETE,/dev/dev/items?id=92901d32-24fd-44b7-b9a9-8b86a11f31a3,HTTPError('404 Client Error: Not Found for url: /dev/dev/items?id=92901d32-24fd-44b7-b9a9-8b86a11f31a3'),1
DELETE,/dev/dev/items?id=8f715ad6-ad62-4a3a-9e1e-e071b0d0c47d,HTTPError('404 Client Error: Not Found for url: /dev/dev/items?id=8f715ad6-ad62-4a3a-9e1e-e071b0d0c47d'),1
GET,/dev/dev/items?id=3f1654ed-4255-449d-a283-16dfc87f1d6b,HTTPError('404 Client Error: Not Found for url: /dev/dev/items?id=3f1654ed-4255-449d-a283-16dfc87f1d6b'),1
GET,/dev/dev/items?id=91cf3daf-d94e-4ae2-8473-6bc342f0add7,HTTPError('404 Client Error: Not Found for url: /dev/dev/items?id=91cf3daf-d94e-4ae2-8473-6bc342f0add7'),1
DELETE,/dev/dev/items?id=477c24cb-375e-4fc1-929b-edebdb5d2e12,HTTPError('404 Client Error: Not Found for url: /dev/dev/items?id=477c24cb-375e-4fc1-929b-edebdb5d2e12'),1
DELETE,/dev/dev/items?id=d7a56ad3-4fc5-4a41-9dfa-9a6e2c81d3df,HTTPError('404 Client Error: Not Found for url: /dev/dev/items?id=d7a56ad3-4fc5-4a41-9dfa-9a6e2c81d3df'),1
GET,/dev/dev/items?id=bab763da-af7e-4db0-9a5a-7a930d24d3db,HTTPError('404 Client Error: Not Found for url: /dev/dev/items?id=bab763da-af7e-4db0-9a5a-7a930d24d3db'),1
GET,/dev/dev/items?id=eda33fb6-a85e-430f-a9a3-ec079d0c323a,HTTPError('404 Client Error: Not Found for url: /dev/dev/items?id=eda33fb6-a85e-430f-a9a3-ec079d0c323a'),1
DELETE,/dev/dev/items?id=a9f1f4af-d3f4-4eae-b566-998fcc0ee8b1,HTTPError('404 Client Error: Not Found for url: /dev/dev/items?id=a9f1f4af-d3f4-4eae-b566-998fcc0ee8b1'),1
GET,/dev/dev/items?id=c73e5493-9f22-4790-8d66-bcca9ddd2117,HTTPError('404 Client Error: Not Found for url: /dev/dev/items?id=c73e5493-9f22-4790-8d66-bcca9ddd2117'),1
GET,/dev/dev/items?id=8ab2a000-1fb8-461a-9226-31e341693726,HTTPError('404 Client Error: Not Found for url: /dev/dev/items?id=8ab2a000-1fb8-461a-9226-31e341693726'),1
GET,/dev/dev/items?id=14485eb1-b7e4-4320-b0f9-0bea85eef61a,HTTPError('404 Client Error: Not Found for url: /dev/dev/items?id=14485eb1-b7e4-4320-b0f9-0bea85eef61a'),1
GET,/dev/dev/items?id=7461c01d-517e-473f-9256-10ca25ffc0d4,HTTPError('404 Client Error: Not Found for url: /dev/dev/items?id=7461c01d-517e-473f-9256-10ca25ffc0d4'),1
DELETE,/dev/dev/items?id=39b502b6-312a-4e76-92ca-62cf5135ee5c,HTTPError('404 Client Error: Not Found for url: /dev/dev/items?id=39b502b6-312a-4e76-92ca-62cf5135ee5c'),1
GET,/dev/dev/items?id=8d9738e0-ef80-4f48-a251-6723b283f5e3,HTTPError('404 Client Error: Not Found for url: /dev/dev/items?id=8d9738e0-ef80-4f48-a251-6723b283f5e3'),1
DELETE,/dev/dev/items?id=aa351b1f-16ce-432d-b69a-edb70c5dc419,HTTPError('404 Client Error: Not Found for url: /dev/dev/items?id=aa351b1f-16ce-432d-b69a-edb70c5dc419'),1
GET,/dev/dev/items?id=e14d498d-0cca-4443-b98a-0add6b0951a7,HTTPError('404 Client Error: Not Found for url: /dev/dev/items?id=e14d498d-0cca-4443-b98a-0add6b0951a7'),1
GET,/dev/dev/items?id=97fb6673-54ea-4278-85af-6850478aab9f,HTTPError('404 Client Error: Not Found for url: /dev/dev/items?id=97fb6673-54ea-4278-85af-6850478aab9f'),1
GET,/dev/dev/items?id=f25781a7-b87b-42ca-892b-de10c80b50f1,HTTPError('404 Client Error: Not Found for url: /dev/dev/items?id=f25781a7-b87b-42ca-892b-de10c80b50f1'),1
DELETE,/dev/dev/items?id=0da87934-7389-4bc4-b5a4-9a508f816b38,HTTPError('404 Client Error: Not Found for url: /dev/dev/items?id=0da87934-7389-4bc4-b5a4-9a508f816b38'),1
GET,/dev/dev/items?id=cff89e39-fc55-4f00-8951-aa4327f3f35c,HTTPError('404 Client Error: Not Found for url: /dev/dev/items?id=cff89e39-fc55-4f00-8951-aa4327f3f35c'),1
GET,/dev/dev/items?id=e8d9371b-53f8-4d87-a52a-d7917b8cf21f,HTTPError('404 Client Error: Not Found for url: /dev/dev/items?id=e8d9371b-53f8-4d87-a52a-d7917b8cf21f'),1
GET,/dev/dev/items?id=e6555c05-e048-4793-98d4-a7760b3a0519,HTTPError('404 Client Error: Not Found for url: /dev/dev/items?id=e6555c05-e048-4793-98d4-a7760b3a0519'),1
DELETE,/dev/dev/items?id=20b7a0a4-5998-4f8e-9be4-6299b18e57e6,HTTPError('404 Client Error: Not Found for url: /dev/dev/items?id=20b7a0a4-5998-4f8e-9be4-6299b18e57e6'),1
GET,/dev/dev/items?id=aa14344e-e372-4d7b-a4ae-f9b5a813c57e,HTTPError('404 Client Error: Not Found for url: /dev/dev/items?id=aa14344e-e372-4d7b-a4ae-f9b5a813c57e'),1
GET,/dev/dev/items?id=94130c03-c9d2-4342-bea4-ebf6405d527e,HTTPError('404 Client Error: Not Found for url: /dev/dev/items?id=94130c03-c9d2-4342-bea4-ebf6405d527e'),1
DELETE,/dev/dev/items?id=031de05b-8fe4-441b-a6fe-5c8a4494f331,HTTPError('404 Client Error: Not Found for url: /dev/dev/items?id=031de05b-8fe4-441b-a6fe-5c8a4494f331'),1
GET,/dev/dev/items?id=bd707672-fd99-4ebb-8b48-a274d1f5e050,HTTPError('404 Client Error: Not Found for url: /dev/dev/items?id=bd707672-fd99-4ebb-8b48-a274d1f5e050'),1
GET,/dev/dev/items?id=1969ba40-4b22-4ed7-86b8-0b2b448ecd97,HTTPError('404 Client Error: Not Found for url: /dev/dev/items?id=1969ba40-4b22-4ed7-86b8-0b2b448ecd97'),1
GET,/dev/dev/items?id=58f9859a-2f23-42f7-90d4-106989d92bb2,HTTPError('404 Client Error: Not Found for url: /dev/dev/items?id=58f9859a-2f23-42f7-90d4-106989d92bb2'),1
GET,/dev/dev/items?id=e9cf7843-79d9-4723-8da1-d780b5ec5cd5,HTTPError('404 Client Error: Not Found for url: /dev/dev/items?id=e9cf7843-79d9-4723-8da1-d780b5ec5cd5'),1
DELETE,/dev/dev/items?id=fa5762d6-336a-4390-b025-155a42c3a6eb,HTTPError('404 Client Error: Not Found for url: /dev/dev/items?id=fa5762d6-336a-4390-b025-155a42c3a6eb'),1
GET,/dev/dev/items?id=0994aa22-21fd-4828-95a9-511d086055f3,HTTPError('404 Client Error: Not Found for url: /dev/dev/items?id=0994aa22-21fd-4828-95a9-511d086055f3'),1
DELETE,/dev/dev/items?id=01108a99-6e54-4bfa-8140-ae27ebc77bd9,HTTPError('404 Client Error: Not Found for url: /dev/dev/items?id=01108a99-6e54-4bfa-8140-ae27ebc77bd9'),1
GET,/dev/dev/items?id=f6bd824f-f137-4208-834a-2643d3551fd7,HTTPError('404 Client Error: Not Found for url: /dev/dev/items?id=f6bd824f-f137-4208-834a-2643d3551fd7'),1
GET,/dev/dev/items?id=df25b03d-2d75-4dd0-93ea-c1c5f481e998,HTTPError('404 Client Error: Not Found for url: /dev/dev/items?id=df25b03d-2d75-4dd0-93ea-c1c5f481e998'),1
DELETE,/dev/dev/items?id=b9f9e027-79f3-4372-9df2-21a93cd1b66c,HTTPError('404 Client Error: Not Found for url: /dev/dev/items?id=b9f9e027-79f3-4372-9df2-21a93cd1b66c'),1
DELETE,/dev/dev/items?id=73427c20-67ce-4db5-a36e-4e837fe0a421,HTTPError('404 Client Error: Not Found for url: /dev/dev/items?id=73427c20-67ce-4db5-a36e-4e837fe0a421'),1
DELETE,/dev/dev/items?id=1aae132c-e7b5-43b0-9b72-f75631a77119,HTTPError('404 Client Error: Not Found for url: /dev/dev/items?id=1aae132c-e7b5-43b0-9b72-f75631a77119'),1
DELETE,/dev/dev/items?id=7740f92b-360d-4d0a-91c4-4b53134af7b9,HTTPError('404 Client Error: Not Found for url: /dev/dev/items?id=7740f92b-360d-4d0a-91c4-4b53134af7b9'),1
GET,/dev/dev/items?id=e5860f3a-a468-4f96-8a4f-b177a25da9f8,HTTPError('404 Client Error: Not Found for url: /dev/dev/items?id=e5860f3a-a468-4f96-8a4f-b177a25da9f8'),1
GET,/dev/dev/items?id=3274722f-8349-4017-952a-b4c3fe3a9b2f,HTTPError('404 Client Error: Not Found for url: /dev/dev/items?id=3274722f-8349-4017-952a-b4c3fe3a9b2f'),1
GET,/dev/dev/items?id=72ad4abd-1466-47d8-9287-9f6df3b38805,HTTPError('404 Client Error: Not Found for url: /dev/dev/items?id=72ad4abd-1466-47d8-9287-9f6df3b38805'),1
GET,/dev/dev/items?id=1209abc4-2e2b-4771-be89-b559ca531244,HTTPError('404 Client Error: Not Found for url: /dev/dev/items?id=1209abc4-2e2b-4771-be89-b559ca531244'),1
DELETE,/dev/dev/items?id=bcff223f-9c2b-445b-b7d6-5c66ffbd50ed,HTTPError('404 Client Error: Not Found for url: /dev/dev/items?id=bcff223f-9c2b-445b-b7d6-5c66ffbd50ed'),1
GET,/dev/dev/items?id=2d44dbd2-0542-43aa-a0d9-fdc5ea414489,HTTPError('404 Client Error: Not Found for url: /dev/dev/items?id=2d44dbd2-0542-43aa-a0d9-fdc5ea414489'),1
DELETE,/dev/dev/items?id=261ccf2e-2c98-43cd-8f55-ac906e4a48c5,HTTPError('404 Client Error: Not Found for url: /dev/dev/items?id=261ccf2e-2c98-43cd-8f55-ac906e4a48c5'),1
GET,/dev/dev/items?id=32c9ae3d-247c-4483-80ae-a656e201d669,HTTPError('404 Client Error: Not Found for url: /dev/dev/items?id=32c9ae3d-247c-4483-80ae-a656e201d669'),1
GET,/dev/dev/items?id=d26d4580-9cac-4fdc-9ea4-7bd2d348f610,HTTPError('404 Client Error: Not Found for url: /dev/dev/items?id=d26d4580-9cac-4fdc-9ea4-7bd2d348f610'),1
DELETE,/dev/dev/items?id=0668b4cc-fef8-498b-bd4c-df8f0c978fee,HTTPError('404 Client Error: Not Found for url: /dev/dev/items?id=0668b4cc-fef8-498b-bd4c-df8f0c978fee'),1
GET,/dev/dev/items?id=1cdb7e02-4ad8-47d9-8530-a1c21fbc794e,HTTPError('404 Client Error: Not Found for url: /dev/dev/items?id=1cdb7e02-4ad8-47d9-8530-a1c21fbc794e'),1
DELETE,/dev/dev/items?id=9c5958d9-46de-495d-9d09-95abb2d43549,HTTPError('404 Client Error: Not Found for url: /dev/dev/items?id=9c5958d9-46de-495d-9d09-95abb2d43549'),1
GET,/dev/dev/items?id=83d6e8ef-5caa-4fbe-84b2-136f47595adf,HTTPError('404 Client Error: Not Found for url: /dev/dev/items?id=83d6e8ef-5caa-4fbe-84b2-136f47595adf'),1
GET,/dev/dev/items?id=1e07eadd-4c35-4079-8234-6e02c8ac43da,HTTPError('404 Client Error: Not Found for url: /dev/dev/items?id=1e07eadd-4c35-4079-8234-6e02c8ac43da'),1
DELETE,/dev/dev/items?id=11b50646-586c-4c48-9cc4-3d313445f729,HTTPError('404 Client Error: Not Found for url: /dev/dev/items?id=11b50646-586c-4c48-9cc4-3d313445f729'),1
DELETE,/dev/dev/items?id=7185f9e3-aa37-4fd9-9dcb-10baf566e363,HTTPError('404 Client Error: Not Found for url: /dev/dev/items?id=7185f9e3-aa37-4fd9-9dcb-10baf566e363'),1
GET,/dev/dev/items?id=2faf9f92-d7ee-4128-9d4a-614aefa3cdd3,HTTPError('404 Client Error: Not Found for url: /dev/dev/items?id=2faf9f92-d7ee-4128-9d4a-614aefa3cdd3'),1
GET,/dev/dev/items?id=f6420c27-384e-4159-a07d-9b0adff0ae87,HTTPError('404 Client Error: Not Found for url: /dev/dev/items?id=f6420c27-384e-4159-a07d-9b0adff0ae87'),1
DELETE,/dev/dev/items?id=87841c3a-d5ad-466b-8744-8b45f1c6f14e,HTTPError('404 Client Error: Not Found for url: /dev/dev/items?id=87841c3a-d5ad-466b-8744-8b45f1c6f14e'),1
DELETE,/dev/dev/items?id=fa00bf10-a8de-48d6-b609-9d22f0f95c76,HTTPError('404 Client Error: Not Found for url: /dev/dev/items?id=fa00bf10-a8de-48d6-b609-9d22f0f95c76'),1
DELETE,/dev/dev/items?id=66d877a2-dfe0-4d47-9113-57ec26aefe32,HTTPError('404 Client Error: Not Found for url: /dev/dev/items?id=66d877a2-dfe0-4d47-9113-57ec26aefe32'),1
GET,/dev/dev/items?id=d0b98abe-34ab-40e6-ac2f-8d3b15099d27,HTTPError('404 Client Error: Not Found for url: /dev/dev/items?id=d0b98abe-34ab-40e6-ac2f-8d3b15099d27'),1
GET,/dev/dev/items?id=252842f8-e9b0-468c-bc64-39d294a3b40c,HTTPError('404 Client Error: Not Found for url: /dev/dev/items?id=252842f8-e9b0-468c-bc64-39d294a3b40c'),1
DELETE,/dev/dev/items?id=aa14344e-e372-4d7b-a4ae-f9b5a813c57e,HTTPError('404 Client Error: Not Found for url: /dev/dev/items?id=aa14344e-e372-4d7b-a4ae-f9b5a813c57e'),1
GET,/dev/dev/items?id=6819d157-c106-4341-ad66-3de9a0a4dc7e,HTTPError('404 Client Error: Not Found for url: /dev/dev/items?id=6819d157-c106-4341-ad66-3de9a0a4dc7e'),1
GET,/dev/dev/items?id=32672f75-6431-4278-8417-925e55225220,HTTPError('404 Client Error: Not Found for url: /dev/dev/items?id=32672f75-6431-4278-8417-925e55225220'),1
DELETE,/dev/dev/items?id=44550f26-af0b-4b25-89ab-e7b9bebf9246,HTTPError('404 Client Error: Not Found for url: /dev/dev/items?id=44550f26-af0b-4b25-89ab-e7b9bebf9246'),1
GET,/dev/dev/items?id=7be7a2cb-d603-4233-a28d-644767d398cc,HTTPError('404 Client Error: Not Found for url: /dev/dev/items?id=7be7a2cb-d603-4233-a28d-644767d398cc'),1
DELETE,/dev/dev/items?id=63be7144-b90d-463c-b063-1eb3bd57048b,HTTPError('404 Client Error: Not Found for url: /dev/dev/items?id=63be7144-b90d-463c-b063-1eb3bd57048b'),1
GET,/dev/dev/items?id=97f87d7c-3f15-47bb-b2c2-c8151ee5cef6,HTTPError('404 Client Error: Not Found for url: /dev/dev/items?id=97f87d7c-3f15-47bb-b2c2-c8151ee5cef6'),1
GET,/dev/dev/items?id=27be322d-b23d-45e1-8a2a-015800cda79e,HTTPError('404 Client Error: Not Found for url: /dev/dev/items?id=27be322d-b23d-45e1-8a2a-015800cda79e'),1
GET,/dev/dev/items?id=398e28bb-2050-4046-9db8-ee8a2c97138e,HTTPError('404 Client Error: Not Found for url: /dev/dev/items?id=398e28bb-2050-4046-9db8-ee8a2c97138e'),1
GET,/dev/dev/items?id=7185f9e3-aa37-4fd9-9dcb-10baf566e363,HTTPError('404 Client Error: Not Found for url: /dev/dev/items?id=7185f9e3-aa37-4fd9-9dcb-10baf566e363'),1
DELETE,/dev/dev/items?id=eda33fb6-a85e-430f-a9a3-ec079d0c323a,HTTPError('404 Client Error: Not Found for url: /dev/dev/items?id=eda33fb6-a85e-430f-a9a3-ec079d0c323a'),1
GET,/dev/dev/items?id=61cd97b1-ca7f-4f15-af04-7522f9e3466d,HTTPError('404 Client Error: Not Found for url: /dev/dev/items?id=61cd97b1-ca7f-4f15-af04-7522f9e3466d'),1
GET,/dev/dev/items?id=9bd1dc4b-c815-47d6-85a4-90f7f7fa7436,HTTPError('404 Client Error: Not Found for url: /dev/dev/items?id=9bd1dc4b-c815-47d6-85a4-90f7f7fa7436'),1
DELETE,/dev/dev/items?id=3ae8cd35-ee66-40fa-9e59-cef7a4719dc4,HTTPError('404 Client Error: Not Found for url: /dev/dev/items?id=3ae8cd35-ee66-40fa-9e59-cef7a4719dc4'),1
GET,/dev/dev/items?id=53643ea3-47b9-46ee-8804-32fcac6b4d47,HTTPError('404 Client Error: Not Found for url: /dev/dev/items?id=53643ea3-47b9-46ee-8804-32fcac6b4d47'),1
DELETE,/dev/dev/items?id=32672f75-6431-4278-8417-925e55225220,HTTPError('404 Client Error: Not Found for url: /dev/dev/items?id=32672f75-6431-4278-8417-925e55225220'),1
GET,/dev/dev/items?id=7ded617e-7113-44d3-afa0-3d438251a309,HTTPError('404 Client Error: Not Found for url: /dev/dev/items?id=7ded617e-7113-44d3-afa0-3d438251a309'),1
GET,/dev/dev/items?id=500e9867-4ce4-4700-9411-457ddd09ae00,HTTPError('404 Client Error: Not Found for url: /dev/dev/items?id=500e9867-4ce4-4700-9411-457ddd09ae00'),1
GET,/dev/dev/items?id=47d09c51-d85a-4fc0-b4f0-88bed7e31989,HTTPError('404 Client Error: Not Found for url: /dev/dev/items?id=47d09c51-d85a-4fc0-b4f0-88bed7e31989'),1
DELETE,/dev/dev/items?id=9bd1dc4b-c815-47d6-85a4-90f7f7fa7436,HTTPError('404 Client Error: Not Found for url: /dev/dev/items?id=9bd1dc4b-c815-47d6-85a4-90f7f7fa7436'),1
GET,/dev/dev/items?id=a45acb8c-af62-4729-88fa-485e51305580,HTTPError('404 Client Error: Not Found for url: /dev/dev/items?id=a45acb8c-af62-4729-88fa-485e51305580'),1
GET,/dev/dev/items?id=c55f9cd1-40f2-4ae1-b71e-a27022416cc9,HTTPError('404 Client Error: Not Found for url: /dev/dev/items?id=c55f9cd1-40f2-4ae1-b71e-a27022416cc9'),1
DELETE,/dev/dev/items?id=d55f6b64-9a7f-426d-9ce2-758e57b0dace,HTTPError('404 Client Error: Not Found for url: /dev/dev/items?id=d55f6b64-9a7f-426d-9ce2-758e57b0dace'),1
DELETE,/dev/dev/items?id=f4a9da06-0556-438c-acf9-126c584d1a71,HTTPError('404 Client Error: Not Found for url: /dev/dev/items?id=f4a9da06-0556-438c-acf9-126c584d1a71'),1
GET,/dev/dev/items?id=8f715ad6-ad62-4a3a-9e1e-e071b0d0c47d,HTTPError('404 Client Error: Not Found for url: /dev/dev/items?id=8f715ad6-ad62-4a3a-9e1e-e071b0d0c47d'),1
DELETE,/dev/dev/items?id=a98dc1d3-0b79-421e-a2cc-adabf63fa245,HTTPError('404 Client Error: Not Found for url: /dev/dev/items?id=a98dc1d3-0b79-421e-a2cc-adabf63fa245'),1
GET,/dev/dev/items?id=4c452e7b-6f5d-4cf1-a662-96110259d77c,HTTPError('404 Client Error: Not Found for url: /dev/dev/items?id=4c452e7b-6f5d-4cf1-a662-96110259d77c'),1
GET,/dev/dev/items?id=a3aad2a9-d306-4403-bbf6-1691efe614df,HTTPError('404 Client Error: Not Found for url: /dev/dev/items?id=a3aad2a9-d306-4403-bbf6-1691efe614df'),1
DELETE,/dev/dev/items?id=5fb92566-a716-41ff-b97c-0302d0d0a750,HTTPError('404 Client Error: Not Found for url: /dev/dev/items?id=5fb92566-a716-41ff-b97c-0302d0d0a750'),1
DELETE,/dev/dev/items?id=3de7ad80-af36-4959-8f89-5f0ad118eb11,HTTPError('404 Client Error: Not Found for url: /dev/dev/items?id=3de7ad80-af36-4959-8f89-5f0ad118eb11'),1
GET,/dev/dev/items?id=f7f679dd-4616-4ef4-9680-97b1b30c0d46,HTTPError('404 Client Error: Not Found for url: /dev/dev/items?id=f7f679dd-4616-4ef4-9680-97b1b30c0d46'),1
DELETE,/dev/dev/items?id=4c452e7b-6f5d-4cf1-a662-96110259d77c,HTTPError('404 Client Error: Not Found for url: /dev/dev/items?id=4c452e7b-6f5d-4cf1-a662-96110259d77c'),1
GET,/dev/dev/items?id=da32641c-c23d-4f46-a678-58c314c40760,HTTPError('404 Client Error: Not Found for url: /dev/dev/items?id=da32641c-c23d-4f46-a678-58c314c40760'),1
DELETE,/dev/dev/items?id=e6555c05-e048-4793-98d4-a7760b3a0519,HTTPError('404 Client Error: Not Found for url: /dev/dev/items?id=e6555c05-e048-4793-98d4-a7760b3a0519'),1
GET,/dev/dev/items?id=cf28a9cf-81d2-4f90-9e54-54bd9a922270,HTTPError('404 Client Error: Not Found for url: /dev/dev/items?id=cf28a9cf-81d2-4f90-9e54-54bd9a922270'),1
DELETE,/dev/dev/items?id=2834a6ae-2ee1-4b00-a6ba-73364e94ca88,HTTPError('404 Client Error: Not Found for url: /dev/dev/items?id=2834a6ae-2ee1-4b00-a6ba-73364e94ca88'),1
GET,/dev/dev/items?id=22436608-a104-4328-bcf2-9becd91b8a61,HTTPError('404 Client Error: Not Found for url: /dev/dev/items?id=22436608-a104-4328-bcf2-9becd91b8a61'),1
DELETE,/dev/dev/items?id=f270bc0e-e722-4a43-8413-e1ebe8ea82d0,HTTPError('404 Client Error: Not Found for url: /dev/dev/items?id=f270bc0e-e722-4a43-8413-e1ebe8ea82d0'),1
GET,/dev/dev/items?id=38f32ec8-d26a-409c-9a0f-d572a7e641ab,HTTPError('404 Client Error: Not Found for url: /dev/dev/items?id=38f32ec8-d26a-409c-9a0f-d572a7e641ab'),1
GET,/dev/dev/items?id=3147cc88-00ef-4bcc-a4a1-bd15d2ff032d,HTTPError('404 Client Error: Not Found for url: /dev/dev/items?id=3147cc88-00ef-4bcc-a4a1-bd15d2ff032d'),1
DELETE,/dev/dev/items?id=66871999-4fc3-45c2-be3e-97e9d44ab323,HTTPError('404 Client Error: Not Found for url: /dev/dev/items?id=66871999-4fc3-45c2-be3e-97e9d44ab323'),1
GET,/dev/dev/items?id=90e7f081-53bf-460d-a4dc-d75fb5cb0f3e,HTTPError('404 Client Error: Not Found for url: /dev/dev/items?id=90e7f081-53bf-460d-a4dc-d75fb5cb0f3e'),1
DELETE,/dev/dev/items?id=78df847a-22ab-4586-a067-a47558c0e3bc,HTTPError('404 Client Error: Not Found for url: /dev/dev/items?id=78df847a-22ab-4586-a067-a47558c0e3bc'),1
DELETE,/dev/dev/items?id=e438fc85-7c5b-41cc-8b23-c9bdf808ee99,HTTPError('404 Client Error: Not Found for url: /dev/dev/items?id=e438fc85-7c5b-41cc-8b23-c9bdf808ee99'),1
DELETE,/dev/dev/items?id=1755b36b-380e-4296-9851-85ca2b5dfa51,HTTPError('404 Client Error: Not Found for url: /dev/dev/items?id=1755b36b-380e-4296-9851-85ca2b5dfa51'),1
DELETE,/dev/dev/items?id=500e9867-4ce4-4700-9411-457ddd09ae00,HTTPError('404 Client Error: Not Found for url: /dev/dev/items?id=500e9867-4ce4-4700-9411-457ddd09ae00'),1
GET,/dev/dev/items?id=ba3190db-28e9-4c46-8b42-60c6ae2c7a19,HTTPError('404 Client Error: Not Found for url: /dev/dev/items?id=ba3190db-28e9-4c46-8b42-60c6ae2c7a19'),1
GET,/dev/dev/items?id=fe554dda-5953-404e-ae56-608eea21d66e,HTTPError('404 Client Error: Not Found for url: /dev/dev/items?id=fe554dda-5953-404e-ae56-608eea21d66e'),1
DELETE,/dev/dev/items?id=523ceebe-3dae-4624-bb72-4f43dc983ea0,HTTPError('404 Client Error: Not Found for url: /dev/dev/items?id=523ceebe-3dae-4624-bb72-4f43dc983ea0'),1
GET,/dev/dev/items?id=7b1be231-a209-48cf-9e17-f8d46411e8f5,HTTPError('404 Client Error: Not Found for url: /dev/dev/items?id=7b1be231-a209-48cf-9e17-f8d46411e8f5'),1
DELETE,/dev/dev/items?id=5a68bda7-82d3-44e7-aa9e-1363cfffe88c,HTTPError('404 Client Error: Not Found for url: /dev/dev/items?id=5a68bda7-82d3-44e7-aa9e-1363cfffe88c'),1
DELETE,/dev/dev/items?id=3a6b6a27-99b7-47ef-84fa-bcbd6efc2c30,HTTPError('404 Client Error: Not Found for url: /dev/dev/items?id=3a6b6a27-99b7-47ef-84fa-bcbd6efc2c30'),1
DELETE,/dev/dev/items?id=1209abc4-2e2b-4771-be89-b559ca531244,HTTPError('404 Client Error: Not Found for url: /dev/dev/items?id=1209abc4-2e2b-4771-be89-b559ca531244'),1
DELETE,/dev/dev/items?id=b56b726c-a841-405f-abd3-be9352b47928,HTTPError('404 Client Error: Not Found for url: /dev/dev/items?id=b56b726c-a841-405f-abd3-be9352b47928'),1
GET,/dev/dev/items?id=686b6dd0-35bf-4487-9e02-58219b1f030b,HTTPError('404 Client Error: Not Found for url: /dev/dev/items?id=686b6dd0-35bf-4487-9e02-58219b1f030b'),1
GET,/dev/dev/items?id=069b5aa0-9641-46db-b0f2-1c72fcd4308f,HTTPError('404 Client Error: Not Found for url: /dev/dev/items?id=069b5aa0-9641-46db-b0f2-1c72fcd4308f'),1
DELETE,/dev/dev/items?id=631bd548-08ee-416d-b0df-0440eb433ba4,HTTPError('404 Client Error: Not Found for url: /dev/dev/items?id=631bd548-08ee-416d-b0df-0440eb433ba4'),1
DELETE,/dev/dev/items?id=3adbcdc6-6260-4080-90bb-47f1b797a6b2,HTTPError('404 Client Error: Not Found for url: /dev/dev/items?id=3adbcdc6-6260-4080-90bb-47f1b797a6b2'),1
GET,/dev/dev/items?id=27a0ee9c-eb4d-4bf2-bf87-b3ec90249e42,HTTPError('404 Client Error: Not Found for url: /dev/dev/items?id=27a0ee9c-eb4d-4bf2-bf87-b3ec90249e42'),1
GET,/dev/dev/items?id=e0971728-6533-4dc6-89b1-07d2c96b5d6f,HTTPError('404 Client Error: Not Found for url: /dev/dev/items?id=e0971728-6533-4dc6-89b1-07d2c96b5d6f'),1
DELETE,/dev/dev/items?id=c091d44d-853d-4b83-8b60-4157475540bb,HTTPError('404 Client Error: Not Found for url: /dev/dev/items?id=c091d44d-853d-4b83-8b60-4157475540bb'),1
DELETE,/dev/dev/items?id=51349a34-5809-4ce8-a6fb-46f9ec923b80,HTTPError('404 Client Error: Not Found for url: /dev/dev/items?id=51349a34-5809-4ce8-a6fb-46f9ec923b80'),1
DELETE,/dev/dev/items?id=4d282a25-3898-4d10-bc13-58cc7e8411b1,HTTPError('404 Client Error: Not Found for url: /dev/dev/items?id=4d282a25-3898-4d10-bc13-58cc7e8411b1'),1
GET,/dev/dev/items?id=02e1bb33-343d-40f4-851f-7277fc35fae6,HTTPError('404 Client Error: Not Found for url: /dev/dev/items?id=02e1bb33-343d-40f4-851f-7277fc35fae6'),1
DELETE,/dev/dev/items?id=165b6c80-6541-43e5-81bc-a7c5c6aa001c,HTTPError('404 Client Error: Not Found for url: /dev/dev/items?id=165b6c80-6541-43e5-81bc-a7c5c6aa001c'),1
GET,/dev/dev/items?id=c926999c-98e5-4164-adf9-7da204c22172,HTTPError('404 Client Error: Not Found for url: /dev/dev/items?id=c926999c-98e5-4164-adf9-7da204c22172'),1
DELETE,/dev/dev/items?id=9ce4a806-878d-44b7-ae0c-255743698fd7,HTTPError('404 Client Error: Not Found for url: /dev/dev/items?id=9ce4a806-878d-44b7-ae0c-255743698fd7'),1
DELETE,/dev/dev/items?id=5786fbb9-13d3-4493-a38c-4160daad5171,HTTPError('404 Client Error: Not Found for url: /dev/dev/items?id=5786fbb9-13d3-4493-a38c-4160daad5171'),1
GET,/dev/dev/items?id=a3c80f6d-7ca1-4445-9012-1317027e8b2c,HTTPError('404 Client Error: Not Found for url: /dev/dev/items?id=a3c80f6d-7ca1-4445-9012-1317027e8b2c'),1
DELETE,/dev/dev/items?id=a26c5aab-4d4b-4413-b0bb-2936de74a40d,HTTPError('404 Client Error: Not Found for url: /dev/dev/items?id=a26c5aab-4d4b-4413-b0bb-2936de74a40d'),1
DELETE,/dev/dev/items?id=1137cb30-19ea-4eba-a4ef-d3a42d52e223,HTTPError('404 Client Error: Not Found for url: /dev/dev/items?id=1137cb30-19ea-4eba-a4ef-d3a42d52e223'),1
GET,/dev/dev/items?id=38ad4843-54ff-4fa0-b91a-3e077451d770,HTTPError('404 Client Error: Not Found for url: /dev/dev/items?id=38ad4843-54ff-4fa0-b91a-3e077451d770'),1
GET,/dev/dev/items?id=a810e3db-437a-4f7d-942c-776ed09d894e,HTTPError('404 Client Error: Not Found for url: /dev/dev/items?id=a810e3db-437a-4f7d-942c-776ed09d894e'),1
DELETE,/dev/dev/items?id=58e3608c-0b58-41e5-ad92-b7bedd7cdd8c,HTTPError('404 Client Error: Not Found for url: /dev/dev/items?id=58e3608c-0b58-41e5-ad92-b7bedd7cdd8c'),1
DELETE,/dev/dev/items?id=4e88b399-1b2a-4b61-92fb-96465b229476,HTTPError('404 Client Error: Not Found for url: /dev/dev/items?id=4e88b399-1b2a-4b61-92fb-96465b229476'),1
GET,/dev/dev/items?id=80d6ddac-7e46-4822-bc8d-fc18fb9a8b4a,HTTPError('404 Client Error: Not Found for url: /dev/dev/items?id=80d6ddac-7e46-4822-bc8d-fc18fb9a8b4a'),1
DELETE,/dev/dev/items?id=fd7e3f9d-2d33-4a72-91cd-67b9ea36a54a,HTTPError('404 Client Error: Not Found for url: /dev/dev/items?id=fd7e3f9d-2d33-4a72-91cd-67b9ea36a54a'),1
GET,/dev/dev/items?id=c1c85eaf-91b1-48dc-b8c4-d8877f2dcc18,HTTPError('404 Client Error: Not Found for url: /dev/dev/items?id=c1c85eaf-91b1-48dc-b8c4-d8877f2dcc18'),1
DELETE,/dev/dev/items?id=808cf586-b5e0-4422-a920-5323019bdfef,HTTPError('404 Client Error: Not Found for url: /dev/dev/items?id=808cf586-b5e0-4422-a920-5323019bdfef'),1
GET,/dev/dev/items?id=fe2f927a-870f-4f6e-a107-917e02e5a2e9,HTTPError('404 Client Error: Not Found for url: /dev/dev/items?id=fe2f927a-870f-4f6e-a107-917e02e5a2e9'),1
GET,/dev/dev/items?id=06f8e631-a879-4895-8ecd-1a905946059e,HTTPError('404 Client Error: Not Found for url: /dev/dev/items?id=06f8e631-a879-4895-8ecd-1a905946059e'),1
GET,/dev/dev/items?id=6d6b5727-9d91-4436-ad4c-438815562796,HTTPError('404 Client Error: Not Found for url: /dev/dev/items?id=6d6b5727-9d91-4436-ad4c-438815562796'),1
GET,/dev/dev/items?id=f196a5ba-bea1-4545-836b-c6cdc16cb1c3,HTTPError('404 Client Error: Not Found for url: /dev/dev/items?id=f196a5ba-bea1-4545-836b-c6cdc16cb1c3'),1
GET,/dev/dev/items?id=e2fff4ae-e452-4a64-bb26-15dd3996d679,HTTPError('404 Client Error: Not Found for url: /dev/dev/items?id=e2fff4ae-e452-4a64-bb26-15dd3996d679'),1
GET,/dev/dev/items?id=3e2d3588-ae95-425c-82d8-2fdf65e137e2,HTTPError('404 Client Error: Not Found for url: /dev/dev/items?id=3e2d3588-ae95-425c-82d8-2fdf65e137e2'),1
DELETE,/dev/dev/items?id=9fac9fe4-de78-4e10-b93f-0a34c6020c26,HTTPError('404 Client Error: Not Found for url: /dev/dev/items?id=9fac9fe4-de78-4e10-b93f-0a34c6020c26'),1
GET,/dev/dev/items?id=c2cc8bf2-e567-448b-bce9-af7b771c22fa,HTTPError('404 Client Error: Not Found for url: /dev/dev/items?id=c2cc8bf2-e567-448b-bce9-af7b771c22fa'),1
GET,/dev/dev/items?id=b3ecb237-971b-493c-b9c1-722aed755fa7,HTTPError('404 Client Error: Not Found for url: /dev/dev/items?id=b3ecb237-971b-493c-b9c1-722aed755fa7'),1
GET,/dev/dev/items?id=1137cb30-19ea-4eba-a4ef-d3a42d52e223,HTTPError('404 Client Error: Not Found for url: /dev/dev/items?id=1137cb30-19ea-4eba-a4ef-d3a42d52e223'),1
GET,/dev/dev/items?id=7f8c45a2-4b72-4fd2-9c15-c29491772709,HTTPError('404 Client Error: Not Found for url: /dev/dev/items?id=7f8c45a2-4b72-4fd2-9c15-c29491772709'),1
GET,/dev/dev/items?id=55c7980d-648f-49a3-b69e-bf38543a47ae,HTTPError('404 Client Error: Not Found for url: /dev/dev/items?id=55c7980d-648f-49a3-b69e-bf38543a47ae'),1
DELETE,/dev/dev/items?id=cd25b294-b8be-4ecf-8977-f2323c27fd8c,HTTPError('404 Client Error: Not Found for url: /dev/dev/items?id=cd25b294-b8be-4ecf-8977-f2323c27fd8c'),1
DELETE,/dev/dev/items?id=dcc3bf56-25fe-4e58-8e87-89bee6740963,HTTPError('404 Client Error: Not Found for url: /dev/dev/items?id=dcc3bf56-25fe-4e58-8e87-89bee6740963'),1
GET,/dev/dev/items?id=7caa127a-a6cb-4d69-9c1f-3bced862cbfb,HTTPError('404 Client Error: Not Found for url: /dev/dev/items?id=7caa127a-a6cb-4d69-9c1f-3bced862cbfb'),1
DELETE,/dev/dev/items?id=f21c374c-364d-4368-b33b-2e46bd865ba5,HTTPError('404 Client Error: Not Found for url: /dev/dev/items?id=f21c374c-364d-4368-b33b-2e46bd865ba5'),1
DELETE,/dev/dev/items?id=09080f16-aadc-46cd-a9bf-9c7949f33073,HTTPError('404 Client Error: Not Found for url: /dev/dev/items?id=09080f16-aadc-46cd-a9bf-9c7949f33073'),1
GET,/dev/dev/items?id=ce6c1d56-ccf6-4cd9-bb79-a2c5f5be240e,HTTPError('404 Client Error: Not Found for url: /dev/dev/items?id=ce6c1d56-ccf6-4cd9-bb79-a2c5f5be240e'),1
GET,/dev/dev/items?id=31d41287-4095-461d-bd49-495405a204df,HTTPError('404 Client Error: Not Found for url: /dev/dev/items?id=31d41287-4095-461d-bd49-495405a204df'),1
GET,/dev/dev/items?id=7e44cd74-9b25-41d1-aed5-f8a96598ee9a,HTTPError('404 Client Error: Not Found for url: /dev/dev/items?id=7e44cd74-9b25-41d1-aed5-f8a96598ee9a'),1
GET,/dev/dev/items?id=892a383f-ff73-487a-a240-fbff12ee7c4c,HTTPError('404 Client Error: Not Found for url: /dev/dev/items?id=892a383f-ff73-487a-a240-fbff12ee7c4c'),1
DELETE,/dev/dev/items?id=d0b98abe-34ab-40e6-ac2f-8d3b15099d27,HTTPError('404 Client Error: Not Found for url: /dev/dev/items?id=d0b98abe-34ab-40e6-ac2f-8d3b15099d27'),1
GET,/dev/dev/items?id=f859c247-e8f8-4fa0-ab98-8c3fe8281ae2,HTTPError('404 Client Error: Not Found for url: /dev/dev/items?id=f859c247-e8f8-4fa0-ab98-8c3fe8281ae2'),1
DELETE,/dev/dev/items?id=3befe0eb-4009-4399-b0b8-09e7f8250306,HTTPError('404 Client Error: Not Found for url: /dev/dev/items?id=3befe0eb-4009-4399-b0b8-09e7f8250306'),1
DELETE,/dev/dev/items?id=9d469d17-289c-4920-b41d-a6a8354d03db,HTTPError('404 Client Error: Not Found for url: /dev/dev/items?id=9d469d17-289c-4920-b41d-a6a8354d03db'),1
GET,/dev/dev/items?id=187ca57a-89e5-446b-98b6-08f5dc06d12e,HTTPError('404 Client Error: Not Found for url: /dev/dev/items?id=187ca57a-89e5-446b-98b6-08f5dc06d12e'),1
GET,/dev/dev/items?id=6520082d-10dc-4d0b-8f55-8269789dbb2a,HTTPError('404 Client Error: Not Found for url: /dev/dev/items?id=6520082d-10dc-4d0b-8f55-8269789dbb2a'),1
DELETE,/dev/dev/items?id=6440cebf-33bf-4f5a-861b-cb3e1ba68da8,HTTPError('404 Client Error: Not Found for url: /dev/dev/items?id=6440cebf-33bf-4f5a-861b-cb3e1ba68da8'),1
GET,/dev/dev/items?id=c897405d-9118-4148-bad3-617ea4714cca,HTTPError('404 Client Error: Not Found for url: /dev/dev/items?id=c897405d-9118-4148-bad3-617ea4714cca'),1
GET,/dev/dev/items?id=ca533b33-0a1e-4324-94c9-55e20ac35995,HTTPError('404 Client Error: Not Found for url: /dev/dev/items?id=ca533b33-0a1e-4324-94c9-55e20ac35995'),1
GET,/dev/dev/items?id=1815a2db-4784-400b-a736-463d69ab9812,HTTPError('404 Client Error: Not Found for url: /dev/dev/items?id=1815a2db-4784-400b-a736-463d69ab9812'),1
DELETE,/dev/dev/items?id=37ec056f-e480-4557-a1b4-9f7e4ed33001,HTTPError('404 Client Error: Not Found for url: /dev/dev/items?id=37ec056f-e480-4557-a1b4-9f7e4ed33001'),1
DELETE,/dev/dev/items?id=7333d979-b094-44df-b53f-13d21ce5eae3,HTTPError('404 Client Error: Not Found for url: /dev/dev/items?id=7333d979-b094-44df-b53f-13d21ce5eae3'),1
DELETE,/dev/dev/items?id=9767df11-67e7-4ec2-aed9-eb057344523b,HTTPError('404 Client Error: Not Found for url: /dev/dev/items?id=9767df11-67e7-4ec2-aed9-eb057344523b'),1
GET,/dev/dev/items?id=5c6e6ceb-7a46-4a32-ace7-3128f42afdbf,HTTPError('404 Client Error: Not Found for url: /dev/dev/items?id=5c6e6ceb-7a46-4a32-ace7-3128f42afdbf'),1
GET,/dev/dev/items?id=365173df-e4bb-463c-9232-8901ddd0e252,HTTPError('404 Client Error: Not Found for url: /dev/dev/items?id=365173df-e4bb-463c-9232-8901ddd0e252'),1
GET,/dev/dev/items?id=9f84fdd4-df84-4391-a85b-ef7525d4f173,HTTPError('404 Client Error: Not Found for url: /dev/dev/items?id=9f84fdd4-df84-4391-a85b-ef7525d4f173'),1
GET,/dev/dev/items?id=e7ce8a98-31e9-4fe2-98b6-2d1a196e0d1e,HTTPError('404 Client Error: Not Found for url: /dev/dev/items?id=e7ce8a98-31e9-4fe2-98b6-2d1a196e0d1e'),1
GET,/dev/dev/items?id=35e139c4-1ea4-4c1c-b418-ccb335f18659,HTTPError('404 Client Error: Not Found for url: /dev/dev/items?id=35e139c4-1ea4-4c1c-b418-ccb335f18659'),1
DELETE,/dev/dev/items?id=ae106f77-f246-47b9-ac51-5f9a2f77aadf,HTTPError('404 Client Error: Not Found for url: /dev/dev/items?id=ae106f77-f246-47b9-ac51-5f9a2f77aadf'),1
GET,/dev/dev/items?id=160b648d-3ac6-4a91-bb6a-daaa26657b4b,HTTPError('404 Client Error: Not Found for url: /dev/dev/items?id=160b648d-3ac6-4a91-bb6a-daaa26657b4b'),1
DELETE,/dev/dev/items?id=7b1be231-a209-48cf-9e17-f8d46411e8f5,HTTPError('404 Client Error: Not Found for url: /dev/dev/items?id=7b1be231-a209-48cf-9e17-f8d46411e8f5'),1
DELETE,/dev/dev/items?id=ece4ec79-0572-4f23-9155-363804e4e081,HTTPError('404 Client Error: Not Found for url: /dev/dev/items?id=ece4ec79-0572-4f23-9155-363804e4e081'),1
GET,/dev/dev/items?id=c5199368-1423-471c-b2df-b68af9e77fd8,HTTPError('404 Client Error: Not Found for url: /dev/dev/items?id=c5199368-1423-471c-b2df-b68af9e77fd8'),1
DELETE,/dev/dev/items?id=1ab8f319-2216-44c1-a0f3-93ec082d7468,HTTPError('404 Client Error: Not Found for url: /dev/dev/items?id=1ab8f319-2216-44c1-a0f3-93ec082d7468'),1
DELETE,/dev/dev/items?id=b87c70bf-04cd-4f13-b074-42d4808a570a,HTTPError('404 Client Error: Not Found for url: /dev/dev/items?id=b87c70bf-04cd-4f13-b074-42d4808a570a'),1
GET,/dev/dev/items?id=bcb96a2a-6014-45be-b572-8a62a3e76437,HTTPError('404 Client Error: Not Found for url: /dev/dev/items?id=bcb96a2a-6014-45be-b572-8a62a3e76437'),1
DELETE,/dev/dev/items?id=9c032caf-d0c6-4e6f-8847-9ae35382169d,HTTPError('404 Client Error: Not Found for url: /dev/dev/items?id=9c032caf-d0c6-4e6f-8847-9ae35382169d'),1
DELETE,/dev/dev/items?id=732c49ff-2391-4a4f-92ff-7645641de1d2,HTTPError('404 Client Error: Not Found for url: /dev/dev/items?id=732c49ff-2391-4a4f-92ff-7645641de1d2'),1
GET,/dev/dev/items?id=ab6fd662-477b-4443-87bf-d72fa3ab9baa,HTTPError('404 Client Error: Not Found for url: /dev/dev/items?id=ab6fd662-477b-4443-87bf-d72fa3ab9baa'),1
DELETE,/dev/dev/items?id=8361e293-ed83-4edc-b3f2-25331ceff059,HTTPError('404 Client Error: Not Found for url: /dev/dev/items?id=8361e293-ed83-4edc-b3f2-25331ceff059'),1
DELETE,/dev/dev/items?id=83c00919-9c20-4a69-85e4-2f7ab120c63d,HTTPError('404 Client Error: Not Found for url: /dev/dev/items?id=83c00919-9c20-4a69-85e4-2f7ab120c63d'),1
GET,/dev/dev/items?id=7124c75d-bfe8-45f6-b123-851bbbfbedf8,HTTPError('404 Client Error: Not Found for url: /dev/dev/items?id=7124c75d-bfe8-45f6-b123-851bbbfbedf8'),1
DELETE,/dev/dev/items?id=732e3cb7-9b45-4c9f-a466-63bf90b6c554,HTTPError('404 Client Error: Not Found for url: /dev/dev/items?id=732e3cb7-9b45-4c9f-a466-63bf90b6c554'),1
GET,/dev/dev/items?id=26f14913-5cf6-451b-ba7b-3efa318369ef,HTTPError('404 Client Error: Not Found for url: /dev/dev/items?id=26f14913-5cf6-451b-ba7b-3efa318369ef'),1
DELETE,/dev/dev/items?id=72ad4abd-1466-47d8-9287-9f6df3b38805,HTTPError('404 Client Error: Not Found for url: /dev/dev/items?id=72ad4abd-1466-47d8-9287-9f6df3b38805'),1
GET,/dev/dev/items?id=2ac231e4-b70c-432f-8c0a-0faecd6b7545,HTTPError('404 Client Error: Not Found for url: /dev/dev/items?id=2ac231e4-b70c-432f-8c0a-0faecd6b7545'),1
GET,/dev/dev/items?id=d415b1d3-f4e6-430c-b954-2d4ab5cb45ae,HTTPError('404 Client Error: Not Found for url: /dev/dev/items?id=d415b1d3-f4e6-430c-b954-2d4ab5cb45ae'),1
DELETE,/dev/dev/items?id=08764a51-1524-4e90-9107-a9447ba2b0b9,HTTPError('404 Client Error: Not Found for url: /dev/dev/items?id=08764a51-1524-4e90-9107-a9447ba2b0b9'),1
GET,/dev/dev/items?id=30b1ec5f-8371-4432-9c76-ca72e43ffd4f,HTTPError('404 Client Error: Not Found for url: /dev/dev/items?id=30b1ec5f-8371-4432-9c76-ca72e43ffd4f'),1
DELETE,/dev/dev/items?id=7413b92a-cfb0-45aa-9a33-077ea6199447,HTTPError('404 Client Error: Not Found for url: /dev/dev/items?id=7413b92a-cfb0-45aa-9a33-077ea6199447'),1
DELETE,/dev/dev/items?id=dbd621fd-fe68-4b6f-89e7-6cc9d3ce54f9,HTTPError('404 Client Error: Not Found for url: /dev/dev/items?id=dbd621fd-fe68-4b6f-89e7-6cc9d3ce54f9'),1
DELETE,/dev/dev/items?id=06f8e631-a879-4895-8ecd-1a905946059e,HTTPError('404 Client Error: Not Found for url: /dev/dev/items?id=06f8e631-a879-4895-8ecd-1a905946059e'),1
GET,/dev/dev/items?id=952f15e2-d69a-4761-ae26-a6a0c15c29f1,HTTPError('404 Client Error: Not Found for url: /dev/dev/items?id=952f15e2-d69a-4761-ae26-a6a0c15c29f1'),1
DELETE,/dev/dev/items?id=e9cf7843-79d9-4723-8da1-d780b5ec5cd5,HTTPError('404 Client Error: Not Found for url: /dev/dev/items?id=e9cf7843-79d9-4723-8da1-d780b5ec5cd5'),1
GET,/dev/dev/items?id=4cef6017-bf89-4838-be48-361e3e103494,HTTPError('404 Client Error: Not Found for url: /dev/dev/items?id=4cef6017-bf89-4838-be48-361e3e103494'),1
GET,/dev/dev/items?id=2c23c0ea-5cbe-4706-b9b8-8a4ba704dd35,HTTPError('404 Client Error: Not Found for url: /dev/dev/items?id=2c23c0ea-5cbe-4706-b9b8-8a4ba704dd35'),1
GET,/dev/dev/items?id=ba0218fc-212c-4a92-a7e6-21eb9509ed79,HTTPError('404 Client Error: Not Found for url: /dev/dev/items?id=ba0218fc-212c-4a92-a7e6-21eb9509ed79'),1
GET,/dev/dev/items?id=cb6348de-485f-4d4c-809f-9cac946b2456,HTTPError('404 Client Error: Not Found for url: /dev/dev/items?id=cb6348de-485f-4d4c-809f-9cac946b2456'),1
DELETE,/dev/dev/items?id=26bc16a5-8cfa-4014-932a-7f7f46f8e3b1,HTTPError('404 Client Error: Not Found for url: /dev/dev/items?id=26bc16a5-8cfa-4014-932a-7f7f46f8e3b1'),1
GET,/dev/dev/items?id=e5e66bc1-c332-4bdf-a88e-b3815fa934e1,HTTPError('404 Client Error: Not Found for url: /dev/dev/items?id=e5e66bc1-c332-4bdf-a88e-b3815fa934e1'),1
DELETE,/dev/dev/items?id=1e31ce88-2cd2-4ff9-a332-63826d7ef512,HTTPError('404 Client Error: Not Found for url: /dev/dev/items?id=1e31ce88-2cd2-4ff9-a332-63826d7ef512'),1
DELETE,/dev/dev/items?id=089e86b6-398f-44ce-9a53-46e3ab404dfe,HTTPError('404 Client Error: Not Found for url: /dev/dev/items?id=089e86b6-398f-44ce-9a53-46e3ab404dfe'),1
DELETE,/dev/dev/items?id=cffb8e13-3b2d-4490-b3c6-e2f5bc416e5f,HTTPError('404 Client Error: Not Found for url: /dev/dev/items?id=cffb8e13-3b2d-4490-b3c6-e2f5bc416e5f'),1
GET,/dev/dev/items?id=d68ad665-7dd6-45a0-9539-0447c8946bbc,HTTPError('404 Client Error: Not Found for url: /dev/dev/items?id=d68ad665-7dd6-45a0-9539-0447c8946bbc'),1
DELETE,/dev/dev/items?id=c6563d52-e278-4405-b63b-138834172fc7,HTTPError('404 Client Error: Not Found for url: /dev/dev/items?id=c6563d52-e278-4405-b63b-138834172fc7'),1
GET,/dev/dev/items?id=ccbd3c05-e826-48b7-8813-e40e674761f7,HTTPError('404 Client Error: Not Found for url: /dev/dev/items?id=ccbd3c05-e826-48b7-8813-e40e674761f7'),1
GET,/dev/dev/items?id=de1b7a26-4e46-4d41-bd99-7dc88b6a7d54,HTTPError('404 Client Error: Not Found for url: /dev/dev/items?id=de1b7a26-4e46-4d41-bd99-7dc88b6a7d54'),1
GET,/dev/dev/items?id=e8d1790a-bfa7-4812-b2c3-9c569e13df22,HTTPError('404 Client Error: Not Found for url: /dev/dev/items?id=e8d1790a-bfa7-4812-b2c3-9c569e13df22'),1
GET,/dev/dev/items?id=138c35db-9ab8-48ed-a7d9-67946ff27474,HTTPError('404 Client Error: Not Found for url: /dev/dev/items?id=138c35db-9ab8-48ed-a7d9-67946ff27474'),1
DELETE,/dev/dev/items?id=f859c247-e8f8-4fa0-ab98-8c3fe8281ae2,HTTPError('404 Client Error: Not Found for url: /dev/dev/items?id=f859c247-e8f8-4fa0-ab98-8c3fe8281ae2'),1
GET,/dev/dev/items?id=7770ad9a-0909-4b8e-ae6c-84da2a3df20e,HTTPError('404 Client Error: Not Found for url: /dev/dev/items?id=7770ad9a-0909-4b8e-ae6c-84da2a3df20e'),1
GET,/dev/dev/items?id=1d0ebd25-0915-4495-89b1-b27e5f66086e,HTTPError('404 Client Error: Not Found for url: /dev/dev/items?id=1d0ebd25-0915-4495-89b1-b27e5f66086e'),1
GET,/dev/dev/items?id=c091d44d-853d-4b83-8b60-4157475540bb,HTTPError('404 Client Error: Not Found for url: /dev/dev/items?id=c091d44d-853d-4b83-8b60-4157475540bb'),1
GET,/dev/dev/items?id=67f39f79-f041-43a0-9a3b-088949f7460b,HTTPError('404 Client Error: Not Found for url: /dev/dev/items?id=67f39f79-f041-43a0-9a3b-088949f7460b'),1
GET,/dev/dev/items?id=ed7182f4-2e60-4d80-b03c-1120039060ab,HTTPError('404 Client Error: Not Found for url: /dev/dev/items?id=ed7182f4-2e60-4d80-b03c-1120039060ab'),1
GET,/dev/dev/items?id=ce1a0ade-7a6f-45d7-8026-c01e57c34fba,HTTPError('404 Client Error: Not Found for url: /dev/dev/items?id=ce1a0ade-7a6f-45d7-8026-c01e57c34fba'),1
GET,/dev/dev/items?id=37c74b04-10c3-484d-a5e2-53806a639ceb,HTTPError('404 Client Error: Not Found for url: /dev/dev/items?id=37c74b04-10c3-484d-a5e2-53806a639ceb'),1
DELETE,/dev/dev/items?id=bd707672-fd99-4ebb-8b48-a274d1f5e050,HTTPError('404 Client Error: Not Found for url: /dev/dev/items?id=bd707672-fd99-4ebb-8b48-a274d1f5e050'),1
GET,/dev/dev/items?id=3ae8cd35-ee66-40fa-9e59-cef7a4719dc4,HTTPError('404 Client Error: Not Found for url: /dev/dev/items?id=3ae8cd35-ee66-40fa-9e59-cef7a4719dc4'),1
GET,/dev/dev/items?id=47136b41-ffcf-43a2-989c-4853bb697f12,HTTPError('404 Client Error: Not Found for url: /dev/dev/items?id=47136b41-ffcf-43a2-989c-4853bb697f12'),1
GET,/dev/dev/items?id=d937373b-57af-46b6-8892-b12b536850d9,HTTPError('404 Client Error: Not Found for url: /dev/dev/items?id=d937373b-57af-46b6-8892-b12b536850d9'),1
DELETE,/dev/dev/items?id=3f73f746-3e2b-4f1c-aeb4-bec9b0da0f3e,HTTPError('404 Client Error: Not Found for url: /dev/dev/items?id=3f73f746-3e2b-4f1c-aeb4-bec9b0da0f3e'),1
GET,/dev/dev/items?id=69b4e20c-c072-4d07-95ed-82d70737392e,HTTPError('404 Client Error: Not Found for url: /dev/dev/items?id=69b4e20c-c072-4d07-95ed-82d70737392e'),1
GET,/dev/dev/items?id=b7d58d50-d17d-4e2b-8e66-e055748b6b4e,HTTPError('404 Client Error: Not Found for url: /dev/dev/items?id=b7d58d50-d17d-4e2b-8e66-e055748b6b4e'),1
DELETE,/dev/dev/items?id=5ea93bde-6519-426a-93fd-9d8f5169a547,HTTPError('404 Client Error: Not Found for url: /dev/dev/items?id=5ea93bde-6519-426a-93fd-9d8f5169a547'),1
DELETE,/dev/dev/items?id=e61c3628-6989-445a-85cd-17d84eacbc46,HTTPError('404 Client Error: Not Found for url: /dev/dev/items?id=e61c3628-6989-445a-85cd-17d84eacbc46'),1
DELETE,/dev/dev/items?id=b6c4343e-43ef-449a-b5ee-a03bd09dc844,HTTPError('404 Client Error: Not Found for url: /dev/dev/items?id=b6c4343e-43ef-449a-b5ee-a03bd09dc844'),1
GET,/dev/dev/items?id=78c45a95-5f4c-4272-b0da-f81d7075a964,HTTPError('404 Client Error: Not Found for url: /dev/dev/items?id=78c45a95-5f4c-4272-b0da-f81d7075a964'),1
GET,/dev/dev/items?id=390b0bf2-312b-48a3-b194-39503c6e2a23,HTTPError('404 Client Error: Not Found for url: /dev/dev/items?id=390b0bf2-312b-48a3-b194-39503c6e2a23'),1
GET,/dev/dev/items?id=73427c20-67ce-4db5-a36e-4e837fe0a421,HTTPError('404 Client Error: Not Found for url: /dev/dev/items?id=73427c20-67ce-4db5-a36e-4e837fe0a421'),1
GET,/dev/dev/items?id=ab896139-3b79-4bab-aa17-94f42801ae3b,HTTPError('404 Client Error: Not Found for url: /dev/dev/items?id=ab896139-3b79-4bab-aa17-94f42801ae3b'),1
DELETE,/dev/dev/items?id=fe2f927a-870f-4f6e-a107-917e02e5a2e9,HTTPError('404 Client Error: Not Found for url: /dev/dev/items?id=fe2f927a-870f-4f6e-a107-917e02e5a2e9'),1
GET,/dev/dev/items?id=cdb67e00-e9d4-4bc7-8450-1a4d109a2d43,HTTPError('404 Client Error: Not Found for url: /dev/dev/items?id=cdb67e00-e9d4-4bc7-8450-1a4d109a2d43'),1
DELETE,/dev/dev/items?id=3d9b6d59-2acb-4bdd-b38e-633e16853cdd,HTTPError('404 Client Error: Not Found for url: /dev/dev/items?id=3d9b6d59-2acb-4bdd-b38e-633e16853cdd'),1
GET,/dev/dev/items?id=e600536d-eb91-4a27-b330-604c0aa3cdd1,HTTPError('404 Client Error: Not Found for url: /dev/dev/items?id=e600536d-eb91-4a27-b330-604c0aa3cdd1'),1
GET,/dev/dev/items?id=cd0d8823-da06-4fcd-a773-777dd8cbbd5b,HTTPError('404 Client Error: Not Found for url: /dev/dev/items?id=cd0d8823-da06-4fcd-a773-777dd8cbbd5b'),1
GET,/dev/dev/items?id=b70266f9-996b-49cf-ab8d-0d41889331de,HTTPError('404 Client Error: Not Found for url: /dev/dev/items?id=b70266f9-996b-49cf-ab8d-0d41889331de'),1
GET,/dev/dev/items?id=56e4cfcd-c805-4b1c-b049-d8f5f629d5cb,HTTPError('404 Client Error: Not Found for url: /dev/dev/items?id=56e4cfcd-c805-4b1c-b049-d8f5f629d5cb'),1
DELETE,/dev/dev/items?id=26f14913-5cf6-451b-ba7b-3efa318369ef,HTTPError('404 Client Error: Not Found for url: /dev/dev/items?id=26f14913-5cf6-451b-ba7b-3efa318369ef'),1
GET,/dev/dev/items?id=1ae4a988-dc46-4407-96a1-9efe7c09b956,HTTPError('404 Client Error: Not Found for url: /dev/dev/items?id=1ae4a988-dc46-4407-96a1-9efe7c09b956'),1
GET,/dev/dev/items?id=a7b137c2-9893-42cc-9e8f-d8654ad1f09d,HTTPError('404 Client Error: Not Found for url: /dev/dev/items?id=a7b137c2-9893-42cc-9e8f-d8654ad1f09d'),1
DELETE,/dev/dev/items?id=2dfe12c1-1f46-4194-affe-0a65c953bbe3,HTTPError('404 Client Error: Not Found for url: /dev/dev/items?id=2dfe12c1-1f46-4194-affe-0a65c953bbe3'),1
GET,/dev/dev/items?id=fa5762d6-336a-4390-b025-155a42c3a6eb,HTTPError('404 Client Error: Not Found for url: /dev/dev/items?id=fa5762d6-336a-4390-b025-155a42c3a6eb'),1
DELETE,/dev/dev/items?id=ee3e9f68-e45e-4976-b885-e19b69eeedc9,HTTPError('404 Client Error: Not Found for url: /dev/dev/items?id=ee3e9f68-e45e-4976-b885-e19b69eeedc9'),1
GET,/dev/dev/items?id=80db6a91-f7b6-4d44-8fe8-0ad9e8af925d,HTTPError('404 Client Error: Not Found for url: /dev/dev/items?id=80db6a91-f7b6-4d44-8fe8-0ad9e8af925d'),1
GET,/dev/dev/items?id=483af8b9-b515-49ed-8079-d9fc4b92282a,HTTPError('404 Client Error: Not Found for url: /dev/dev/items?id=483af8b9-b515-49ed-8079-d9fc4b92282a'),1
DELETE,/dev/dev/items?id=138c35db-9ab8-48ed-a7d9-67946ff27474,HTTPError('404 Client Error: Not Found for url: /dev/dev/items?id=138c35db-9ab8-48ed-a7d9-67946ff27474'),1
DELETE,/dev/dev/items?id=27a0ee9c-eb4d-4bf2-bf87-b3ec90249e42,HTTPError('404 Client Error: Not Found for url: /dev/dev/items?id=27a0ee9c-eb4d-4bf2-bf87-b3ec90249e42'),1
GET,/dev/dev/items?id=41c428a6-53d4-487c-9438-b33b46be54c9,HTTPError('404 Client Error: Not Found for url: /dev/dev/items?id=41c428a6-53d4-487c-9438-b33b46be54c9'),1
DELETE,/dev/dev/items?id=2cfc5730-990c-4edf-b24b-da87021d36a9,HTTPError('404 Client Error: Not Found for url: /dev/dev/items?id=2cfc5730-990c-4edf-b24b-da87021d36a9'),1
DELETE,/dev/dev/items?id=bab7cc6f-1981-4cd3-a0e9-5c3cde829290,HTTPError('404 Client Error: Not Found for url: /dev/dev/items?id=bab7cc6f-1981-4cd3-a0e9-5c3cde829290'),1
GET,/dev/dev/items?id=8a2e5a35-4bf9-4f37-97dd-5d45c367479e,HTTPError('404 Client Error: Not Found for url: /dev/dev/items?id=8a2e5a35-4bf9-4f37-97dd-5d45c367479e'),1
GET,/dev/dev/items?id=d648736e-2525-4cd9-a34f-4086531975d4,HTTPError('404 Client Error: Not Found for url: /dev/dev/items?id=d648736e-2525-4cd9-a34f-4086531975d4'),1
GET,/dev/dev/items?id=08764a51-1524-4e90-9107-a9447ba2b0b9,HTTPError('404 Client Error: Not Found for url: /dev/dev/items?id=08764a51-1524-4e90-9107-a9447ba2b0b9'),1
DELETE,/dev/dev/items?id=a63c755b-4296-4b45-97b6-6f9281919175,HTTPError('404 Client Error: Not Found for url: /dev/dev/items?id=a63c755b-4296-4b45-97b6-6f9281919175'),1
DELETE,/dev/dev/items?id=13a4e270-fe78-4799-a231-348f1c19b89e,HTTPError('404 Client Error: Not Found for url: /dev/dev/items?id=13a4e270-fe78-4799-a231-348f1c19b89e'),1
DELETE,/dev/dev/items?id=b47a7ed7-8c52-4cb5-b32d-28c2c6d56759,HTTPError('404 Client Error: Not Found for url: /dev/dev/items?id=b47a7ed7-8c52-4cb5-b32d-28c2c6d56759'),1
GET,/dev/dev/items?id=82222731-5578-4927-a669-f7fce6960eba,HTTPError('404 Client Error: Not Found for url: /dev/dev/items?id=82222731-5578-4927-a669-f7fce6960eba'),1
GET,/dev/dev/items?id=87841c3a-d5ad-466b-8744-8b45f1c6f14e,HTTPError('404 Client Error: Not Found for url: /dev/dev/items?id=87841c3a-d5ad-466b-8744-8b45f1c6f14e'),1
GET,/dev/dev/items?id=4b640de7-e802-4df6-9174-15d46f2378de,HTTPError('404 Client Error: Not Found for url: /dev/dev/items?id=4b640de7-e802-4df6-9174-15d46f2378de'),1
GET,/dev/dev/items?id=c1c85d06-a151-4cf6-a75d-6a005457622c,HTTPError('404 Client Error: Not Found for url: /dev/dev/items?id=c1c85d06-a151-4cf6-a75d-6a005457622c'),1
DELETE,/dev/dev/items?id=1e07eadd-4c35-4079-8234-6e02c8ac43da,HTTPError('404 Client Error: Not Found for url: /dev/dev/items?id=1e07eadd-4c35-4079-8234-6e02c8ac43da'),1
GET,/dev/dev/items?id=49f85494-18a4-4efa-947a-8d89ef18e3fc,HTTPError('404 Client Error: Not Found for url: /dev/dev/items?id=49f85494-18a4-4efa-947a-8d89ef18e3fc'),1
GET,/dev/dev/items?id=03d2cd0e-44f0-48b6-b863-9733f5acb043,HTTPError('404 Client Error: Not Found for url: /dev/dev/items?id=03d2cd0e-44f0-48b6-b863-9733f5acb043'),1
DELETE,/dev/dev/items?id=9a3cae9a-9806-44a6-b6e2-a5b735f59fac,HTTPError('404 Client Error: Not Found for url: /dev/dev/items?id=9a3cae9a-9806-44a6-b6e2-a5b735f59fac'),1
GET,/dev/dev/items?id=ee3e9f68-e45e-4976-b885-e19b69eeedc9,HTTPError('404 Client Error: Not Found for url: /dev/dev/items?id=ee3e9f68-e45e-4976-b885-e19b69eeedc9'),1
GET,/dev/dev/items?id=164288d7-b6b4-49f7-b8fd-ba8dbe301810,HTTPError('404 Client Error: Not Found for url: /dev/dev/items?id=164288d7-b6b4-49f7-b8fd-ba8dbe301810'),1
GET,/dev/dev/items?id=42a01d01-760f-4588-a179-75a78ecdd90f,HTTPError('404 Client Error: Not Found for url: /dev/dev/items?id=42a01d01-760f-4588-a179-75a78ecdd90f'),1
GET,/dev/dev/items?id=c2d061a6-85fd-4060-b707-732fbfdf9943,HTTPError('404 Client Error: Not Found for url: /dev/dev/items?id=c2d061a6-85fd-4060-b707-732fbfdf9943'),1
DELETE,/dev/dev/items?id=195093ce-5272-40c7-bd4d-d25e1c574ff0,HTTPError('404 Client Error: Not Found for url: /dev/dev/items?id=195093ce-5272-40c7-bd4d-d25e1c574ff0'),1
DELETE,/dev/dev/items?id=da8bdd3f-be66-445a-bdcd-7e8a6c040f79,HTTPError('404 Client Error: Not Found for url: /dev/dev/items?id=da8bdd3f-be66-445a-bdcd-7e8a6c040f79'),1
DELETE,/dev/dev/items?id=3b1cfec4-2cf1-48b8-a99a-001d2e28a778,HTTPError('404 Client Error: Not Found for url: /dev/dev/items?id=3b1cfec4-2cf1-48b8-a99a-001d2e28a778'),1
GET,/dev/dev/items?id=44550f26-af0b-4b25-89ab-e7b9bebf9246,HTTPError('404 Client Error: Not Found for url: /dev/dev/items?id=44550f26-af0b-4b25-89ab-e7b9bebf9246'),1
GET,/dev/dev/items?id=30782861-cf88-40f4-83cc-92585bb856f6,HTTPError('404 Client Error: Not Found for url: /dev/dev/items?id=30782861-cf88-40f4-83cc-92585bb856f6'),1
GET,/dev/dev/items?id=7d130d48-ae03-4e86-b6cd-ad4bb373adc1,HTTPError('404 Client Error: Not Found for url: /dev/dev/items?id=7d130d48-ae03-4e86-b6cd-ad4bb373adc1'),1
DELETE,/dev/dev/items?id=dcdc0cc7-bc06-49ed-85de-d28074a23281,HTTPError('404 Client Error: Not Found for url: /dev/dev/items?id=dcdc0cc7-bc06-49ed-85de-d28074a23281'),1
GET,/dev/dev/items?id=3d9b6d59-2acb-4bdd-b38e-633e16853cdd,HTTPError('404 Client Error: Not Found for url: /dev/dev/items?id=3d9b6d59-2acb-4bdd-b38e-633e16853cdd'),1
GET,/dev/dev/items?id=9fe94018-74c4-4900-999c-3864454cdcdc,HTTPError('404 Client Error: Not Found for url: /dev/dev/items?id=9fe94018-74c4-4900-999c-3864454cdcdc'),1
GET,/dev/dev/items?id=8e7effd1-3bcd-4ea6-9874-6c5c4373ab76,HTTPError('404 Client Error: Not Found for url: /dev/dev/items?id=8e7effd1-3bcd-4ea6-9874-6c5c4373ab76'),1
GET,/dev/dev/items?id=d0956eb8-968e-47e1-ad10-56f4859667fa,HTTPError('404 Client Error: Not Found for url: /dev/dev/items?id=d0956eb8-968e-47e1-ad10-56f4859667fa'),1
DELETE,/dev/dev/items?id=f5643cb6-8935-4197-8ce4-9c1e6affa4d5,HTTPError('404 Client Error: Not Found for url: /dev/dev/items?id=f5643cb6-8935-4197-8ce4-9c1e6affa4d5'),1
DELETE,/dev/dev/items?id=a2178f54-5aed-4682-bdde-53b3eba8def1,HTTPError('404 Client Error: Not Found for url: /dev/dev/items?id=a2178f54-5aed-4682-bdde-53b3eba8def1'),1
GET,/dev/dev/items?id=4b408af2-63c9-4c9b-a096-05a03e2e5654,HTTPError('404 Client Error: Not Found for url: /dev/dev/items?id=4b408af2-63c9-4c9b-a096-05a03e2e5654'),1
GET,/dev/dev/items?id=6243ce06-51cb-44a9-8a80-7f24b467bd99,HTTPError('404 Client Error: Not Found for url: /dev/dev/items?id=6243ce06-51cb-44a9-8a80-7f24b467bd99'),1
DELETE,/dev/dev/items?id=f25781a7-b87b-42ca-892b-de10c80b50f1,HTTPError('404 Client Error: Not Found for url: /dev/dev/items?id=f25781a7-b87b-42ca-892b-de10c80b50f1'),1
GET,/dev/dev/items?id=c1aaf715-f174-41f2-a215-b36439bd8dd6,HTTPError('404 Client Error: Not Found for url: /dev/dev/items?id=c1aaf715-f174-41f2-a215-b36439bd8dd6'),1
DELETE,/dev/dev/items?id=416e9e4e-7975-4d3b-9a4e-dc52e51e38d7,HTTPError('404 Client Error: Not Found for url: /dev/dev/items?id=416e9e4e-7975-4d3b-9a4e-dc52e51e38d7'),1
GET,/dev/dev/items?id=4bdb1742-3f71-42dd-a77b-f41694081754,HTTPError('404 Client Error: Not Found for url: /dev/dev/items?id=4bdb1742-3f71-42dd-a77b-f41694081754'),1
DELETE,/dev/dev/items?id=e8d1790a-bfa7-4812-b2c3-9c569e13df22,HTTPError('404 Client Error: Not Found for url: /dev/dev/items?id=e8d1790a-bfa7-4812-b2c3-9c569e13df22'),1
DELETE,/dev/dev/items?id=dfcf625d-5561-4063-a068-6acee990e2c1,HTTPError('404 Client Error: Not Found for url: /dev/dev/items?id=dfcf625d-5561-4063-a068-6acee990e2c1'),1
DELETE,/dev/dev/items?id=2c0ae972-3e17-4018-abe7-8abfd437fba8,HTTPError('404 Client Error: Not Found for url: /dev/dev/items?id=2c0ae972-3e17-4018-abe7-8abfd437fba8'),1
DELETE,/dev/dev/items?id=c1c85eaf-91b1-48dc-b8c4-d8877f2dcc18,HTTPError('404 Client Error: Not Found for url: /dev/dev/items?id=c1c85eaf-91b1-48dc-b8c4-d8877f2dcc18'),1
GET,/dev/dev/items?id=92901d32-24fd-44b7-b9a9-8b86a11f31a3,HTTPError('404 Client Error: Not Found for url: /dev/dev/items?id=92901d32-24fd-44b7-b9a9-8b86a11f31a3'),1
GET,/dev/dev/items?id=6b12106c-d5b3-4063-896d-1c707b9831ca,HTTPError('404 Client Error: Not Found for url: /dev/dev/items?id=6b12106c-d5b3-4063-896d-1c707b9831ca'),1
DELETE,/dev/dev/items?id=63bf24a9-7e9a-436f-97bb-91796b946515,HTTPError('404 Client Error: Not Found for url: /dev/dev/items?id=63bf24a9-7e9a-436f-97bb-91796b946515'),1
GET,/dev/dev/items?id=97dd01f2-cf4c-4d9a-8417-ea678792014a,HTTPError('404 Client Error: Not Found for url: /dev/dev/items?id=97dd01f2-cf4c-4d9a-8417-ea678792014a'),1
DELETE,/dev/dev/items?id=388d750c-ebe8-44c5-9c0b-99229f52a537,HTTPError('404 Client Error: Not Found for url: /dev/dev/items?id=388d750c-ebe8-44c5-9c0b-99229f52a537'),1
DELETE,/dev/dev/items?id=66954eca-4d10-4e61-8e50-8d61109b5bd0,HTTPError('404 Client Error: Not Found for url: /dev/dev/items?id=66954eca-4d10-4e61-8e50-8d61109b5bd0'),1
DELETE,/dev/dev/items?id=bed6dd58-03e3-4842-9fa8-1e5db60b12b3,HTTPError('404 Client Error: Not Found for url: /dev/dev/items?id=bed6dd58-03e3-4842-9fa8-1e5db60b12b3'),1
DELETE,/dev/dev/items?id=892a383f-ff73-487a-a240-fbff12ee7c4c,HTTPError('404 Client Error: Not Found for url: /dev/dev/items?id=892a383f-ff73-487a-a240-fbff12ee7c4c'),1
DELETE,/dev/dev/items?id=2d3b44da-ca9b-4e90-af81-7e21c57a0129,HTTPError('404 Client Error: Not Found for url: /dev/dev/items?id=2d3b44da-ca9b-4e90-af81-7e21c57a0129'),1
DELETE,/dev/dev/items?id=49f85494-18a4-4efa-947a-8d89ef18e3fc,HTTPError('404 Client Error: Not Found for url: /dev/dev/items?id=49f85494-18a4-4efa-947a-8d89ef18e3fc'),1
DELETE,/dev/dev/items?id=526550cc-c33b-4a92-bc22-5d4f61e5be19,HTTPError('404 Client Error: Not Found for url: /dev/dev/items?id=526550cc-c33b-4a92-bc22-5d4f61e5be19'),1
GET,/dev/dev/items?id=daf4c82a-868d-4c5c-ae5c-e9cd47903a02,HTTPError('404 Client Error: Not Found for url: /dev/dev/items?id=daf4c82a-868d-4c5c-ae5c-e9cd47903a02'),1
DELETE,/dev/dev/items?id=78ea376e-afc8-4da3-bb97-b3a814d8d135,HTTPError('404 Client Error: Not Found for url: /dev/dev/items?id=78ea376e-afc8-4da3-bb97-b3a814d8d135'),1
GET,/dev/dev/items?id=72d95aae-913b-4662-87d1-d3847b12b768,HTTPError('404 Client Error: Not Found for url: /dev/dev/items?id=72d95aae-913b-4662-87d1-d3847b12b768'),1
DELETE,/dev/dev/items?id=a67d972c-df73-46e7-8c58-21b55a5197e1,HTTPError('404 Client Error: Not Found for url: /dev/dev/items?id=a67d972c-df73-46e7-8c58-21b55a5197e1'),1
DELETE,/dev/dev/items?id=6b19225f-fa6c-4c29-ada9-ba79d7c57c9d,HTTPError('404 Client Error: Not Found for url: /dev/dev/items?id=6b19225f-fa6c-4c29-ada9-ba79d7c57c9d'),1
GET,/dev/dev/items?id=81da1ee2-b38d-4f9d-ab7e-8ed2fb6b6a7f,HTTPError('404 Client Error: Not Found for url: /dev/dev/items?id=81da1ee2-b38d-4f9d-ab7e-8ed2fb6b6a7f'),1
GET,/dev/dev/items?id=e13aadd3-3796-4d6d-ae0b-7d86eed48af8,HTTPError('404 Client Error: Not Found for url: /dev/dev/items?id=e13aadd3-3796-4d6d-ae0b-7d86eed48af8'),1
DELETE,/dev/dev/items?id=15e4a557-2189-44e4-9f60-fe2f2a932fda,HTTPError('404 Client Error: Not Found for url: /dev/dev/items?id=15e4a557-2189-44e4-9f60-fe2f2a932fda'),1
DELETE,/dev/dev/items?id=5a3b40b1-f5c6-479a-bd38-325b747c24af,HTTPError('404 Client Error: Not Found for url: /dev/dev/items?id=5a3b40b1-f5c6-479a-bd38-325b747c24af'),1
GET,/dev/dev/items?id=4247dbc0-e142-491d-8a85-ed50db8f4558,HTTPError('404 Client Error: Not Found for url: /dev/dev/items?id=4247dbc0-e142-491d-8a85-ed50db8f4558'),1
GET,/dev/dev/items?id=91109c23-4a78-4f36-89b6-6d171da1f41e,HTTPError('404 Client Error: Not Found for url: /dev/dev/items?id=91109c23-4a78-4f36-89b6-6d171da1f41e'),1
GET,/dev/dev/items?id=5a68bda7-82d3-44e7-aa9e-1363cfffe88c,HTTPError('404 Client Error: Not Found for url: /dev/dev/items?id=5a68bda7-82d3-44e7-aa9e-1363cfffe88c'),1
GET,/dev/dev/items?id=6825cfeb-22ab-427c-92c6-e588bd89367d,HTTPError('404 Client Error: Not Found for url: /dev/dev/items?id=6825cfeb-22ab-427c-92c6-e588bd89367d'),1
GET,/dev/dev/items?id=0da87934-7389-4bc4-b5a4-9a508f816b38,HTTPError('404 Client Error: Not Found for url: /dev/dev/items?id=0da87934-7389-4bc4-b5a4-9a508f816b38'),1
DELETE,/dev/dev/items?id=cfc47418-835d-4345-a883-9b140ef638c0,HTTPError('404 Client Error: Not Found for url: /dev/dev/items?id=cfc47418-835d-4345-a883-9b140ef638c0'),1
GET,/dev/dev/items?id=459f8995-f1de-4577-956e-dcf57f0dc193,HTTPError('404 Client Error: Not Found for url: /dev/dev/items?id=459f8995-f1de-4577-956e-dcf57f0dc193'),1
GET,/dev/dev/items?id=62410241-4a22-474e-952e-755d3bea106e,HTTPError('404 Client Error: Not Found for url: /dev/dev/items?id=62410241-4a22-474e-952e-755d3bea106e'),1
DELETE,/dev/dev/items?id=27ca946b-4a01-46d6-833d-312cf1f24d6c,HTTPError('404 Client Error: Not Found for url: /dev/dev/items?id=27ca946b-4a01-46d6-833d-312cf1f24d6c'),1
DELETE,/dev/dev/items?id=4247dbc0-e142-491d-8a85-ed50db8f4558,HTTPError('404 Client Error: Not Found for url: /dev/dev/items?id=4247dbc0-e142-491d-8a85-ed50db8f4558'),1
DELETE,/dev/dev/items?id=03d2cd0e-44f0-48b6-b863-9733f5acb043,HTTPError('404 Client Error: Not Found for url: /dev/dev/items?id=03d2cd0e-44f0-48b6-b863-9733f5acb043'),1
GET,/dev/dev/items?id=d1be4107-e6d8-417e-bd0f-a602289fcf20,HTTPError('404 Client Error: Not Found for url: /dev/dev/items?id=d1be4107-e6d8-417e-bd0f-a602289fcf20'),1
DELETE,/dev/dev/items?id=2128bf37-715a-40a6-9a01-abe0cc198551,HTTPError('404 Client Error: Not Found for url: /dev/dev/items?id=2128bf37-715a-40a6-9a01-abe0cc198551'),1
DELETE,/dev/dev/items?id=f6420c27-384e-4159-a07d-9b0adff0ae87,HTTPError('404 Client Error: Not Found for url: /dev/dev/items?id=f6420c27-384e-4159-a07d-9b0adff0ae87'),1
GET,/dev/dev/items?id=477c24cb-375e-4fc1-929b-edebdb5d2e12,HTTPError('404 Client Error: Not Found for url: /dev/dev/items?id=477c24cb-375e-4fc1-929b-edebdb5d2e12'),1
GET,/dev/dev/items?id=7740f92b-360d-4d0a-91c4-4b53134af7b9,HTTPError('404 Client Error: Not Found for url: /dev/dev/items?id=7740f92b-360d-4d0a-91c4-4b53134af7b9'),1
DELETE,/dev/dev/items?id=92df6155-3002-4e05-9284-730d0a91703f,HTTPError('404 Client Error: Not Found for url: /dev/dev/items?id=92df6155-3002-4e05-9284-730d0a91703f'),1
DELETE,/dev/dev/items?id=9d14830e-991d-4260-9a2f-3d092f389a90,HTTPError('404 Client Error: Not Found for url: /dev/dev/items?id=9d14830e-991d-4260-9a2f-3d092f389a90'),1
DELETE,/dev/dev/items?id=2acb85c3-6f27-4bd4-bd4e-a71f6d792887,HTTPError('404 Client Error: Not Found for url: /dev/dev/items?id=2acb85c3-6f27-4bd4-bd4e-a71f6d792887'),1
DELETE,/dev/dev/items?id=c040807e-2238-40bb-b035-30a7834f7749,HTTPError('404 Client Error: Not Found for url: /dev/dev/items?id=c040807e-2238-40bb-b035-30a7834f7749'),1
GET,/dev/dev/items?id=2e38afd4-29d1-488d-9da6-eb2cd86747d1,HTTPError('404 Client Error: Not Found for url: /dev/dev/items?id=2e38afd4-29d1-488d-9da6-eb2cd86747d1'),1
DELETE,/dev/dev/items?id=f6bd824f-f137-4208-834a-2643d3551fd7,HTTPError('404 Client Error: Not Found for url: /dev/dev/items?id=f6bd824f-f137-4208-834a-2643d3551fd7'),1
GET,/dev/dev/items?id=4e88b399-1b2a-4b61-92fb-96465b229476,HTTPError('404 Client Error: Not Found for url: /dev/dev/items?id=4e88b399-1b2a-4b61-92fb-96465b229476'),1
GET,/dev/dev/items?id=aa0366fe-d06c-4d4b-8295-5d033e756202,HTTPError('404 Client Error: Not Found for url: /dev/dev/items?id=aa0366fe-d06c-4d4b-8295-5d033e756202'),1
GET,/dev/dev/items?id=8ce0ddf3-f764-4bac-89a3-33fdefb38807,HTTPError('404 Client Error: Not Found for url: /dev/dev/items?id=8ce0ddf3-f764-4bac-89a3-33fdefb38807'),1
DELETE,/dev/dev/items?id=91cf3daf-d94e-4ae2-8473-6bc342f0add7,HTTPError('404 Client Error: Not Found for url: /dev/dev/items?id=91cf3daf-d94e-4ae2-8473-6bc342f0add7'),1
GET,/dev/dev/items?id=1cb1b81b-0490-4eca-86a7-390828e2a551,HTTPError('404 Client Error: Not Found for url: /dev/dev/items?id=1cb1b81b-0490-4eca-86a7-390828e2a551'),1
DELETE,/dev/dev/items?id=8a3f4165-ef9a-4507-bdd9-9fa282805f2d,HTTPError('404 Client Error: Not Found for url: /dev/dev/items?id=8a3f4165-ef9a-4507-bdd9-9fa282805f2d'),1
GET,/dev/dev/items?id=8d4ef2c2-ba16-45d3-8ad9-0b82e20725d6,HTTPError('404 Client Error: Not Found for url: /dev/dev/items?id=8d4ef2c2-ba16-45d3-8ad9-0b82e20725d6'),1
GET,/dev/dev/items?id=70b60886-cf9c-4eef-a8c7-c73154c5c5e0,HTTPError('404 Client Error: Not Found for url: /dev/dev/items?id=70b60886-cf9c-4eef-a8c7-c73154c5c5e0'),1
GET,/dev/dev/items?id=187372f1-582f-4c64-9353-7eb4f1ba25e0,HTTPError('404 Client Error: Not Found for url: /dev/dev/items?id=187372f1-582f-4c64-9353-7eb4f1ba25e0'),1
DELETE,/dev/dev/items?id=ab896139-3b79-4bab-aa17-94f42801ae3b,HTTPError('404 Client Error: Not Found for url: /dev/dev/items?id=ab896139-3b79-4bab-aa17-94f42801ae3b'),1
DELETE,/dev/dev/items?id=97fb6673-54ea-4278-85af-6850478aab9f,HTTPError('404 Client Error: Not Found for url: /dev/dev/items?id=97fb6673-54ea-4278-85af-6850478aab9f'),1
GET,/dev/dev/items?id=a26a49c6-f7df-4c92-922a-9b3aa9f6620c,HTTPError('404 Client Error: Not Found for url: /dev/dev/items?id=a26a49c6-f7df-4c92-922a-9b3aa9f6620c'),1
DELETE,/dev/dev/items?id=c06148f3-5a44-4f14-bd4e-f31e950f4b27,HTTPError('404 Client Error: Not Found for url: /dev/dev/items?id=c06148f3-5a44-4f14-bd4e-f31e950f4b27'),1
DELETE,/dev/dev/items?id=e47f2b53-6328-4528-91d7-b88c8e7a3559,HTTPError('404 Client Error: Not Found for url: /dev/dev/items?id=e47f2b53-6328-4528-91d7-b88c8e7a3559'),1
DELETE,/dev/dev/items?id=187372f1-582f-4c64-9353-7eb4f1ba25e0,HTTPError('404 Client Error: Not Found for url: /dev/dev/items?id=187372f1-582f-4c64-9353-7eb4f1ba25e0'),1
DELETE,/dev/dev/items?id=4faecd6a-ea72-4158-b6bd-231fe3d090d1,HTTPError('404 Client Error: Not Found for url: /dev/dev/items?id=4faecd6a-ea72-4158-b6bd-231fe3d090d1'),1
DELETE,/dev/dev/items?id=c318a99f-6227-44c2-8c88-3bf04d662042,HTTPError('404 Client Error: Not Found for url: /dev/dev/items?id=c318a99f-6227-44c2-8c88-3bf04d662042'),1
GET,/dev/dev/items?id=5e254f5a-6451-4a26-9b8b-47390aa1fa72,HTTPError('404 Client Error: Not Found for url: /dev/dev/items?id=5e254f5a-6451-4a26-9b8b-47390aa1fa72'),1
GET,/dev/dev/items?id=e47f2b53-6328-4528-91d7-b88c8e7a3559,HTTPError('404 Client Error: Not Found for url: /dev/dev/items?id=e47f2b53-6328-4528-91d7-b88c8e7a3559'),1
GET,/dev/dev/items?id=eb55e3b3-090a-4487-9891-9dbdc8b6c9e6,HTTPError('404 Client Error: Not Found for url: /dev/dev/items?id=eb55e3b3-090a-4487-9891-9dbdc8b6c9e6'),1
DELETE,/dev/dev/items?id=8e7effd1-3bcd-4ea6-9874-6c5c4373ab76,HTTPError('404 Client Error: Not Found for url: /dev/dev/items?id=8e7effd1-3bcd-4ea6-9874-6c5c4373ab76'),1
DELETE,/dev/dev/items?id=1cdb7e02-4ad8-47d9-8530-a1c21fbc794e,HTTPError('404 Client Error: Not Found for url: /dev/dev/items?id=1cdb7e02-4ad8-47d9-8530-a1c21fbc794e'),1
DELETE,/dev/dev/items?id=e7ce8a98-31e9-4fe2-98b6-2d1a196e0d1e,HTTPError('404 Client Error: Not Found for url: /dev/dev/items?id=e7ce8a98-31e9-4fe2-98b6-2d1a196e0d1e'),1
DELETE,/dev/dev/items?id=29d4b9c0-a41d-4035-ad78-74a9e216d754,HTTPError('404 Client Error: Not Found for url: /dev/dev/items?id=29d4b9c0-a41d-4035-ad78-74a9e216d754'),1
DELETE,/dev/dev/items?id=09ddf7c7-8220-45b9-9e70-0ffbc13dce87,HTTPError('404 Client Error: Not Found for url: /dev/dev/items?id=09ddf7c7-8220-45b9-9e70-0ffbc13dce87'),1
DELETE,/dev/dev/items?id=bb84c437-c956-4b25-bea0-32b2af045b08,HTTPError('404 Client Error: Not Found for url: /dev/dev/items?id=bb84c437-c956-4b25-bea0-32b2af045b08'),1
DELETE,/dev/dev/items?id=aba9e1ff-40a2-4aa9-a746-21a140554341,HTTPError('404 Client Error: Not Found for url: /dev/dev/items?id=aba9e1ff-40a2-4aa9-a746-21a140554341'),1
DELETE,/dev/dev/items?id=a6c64deb-44f5-42e0-9252-142928887115,HTTPError('404 Client Error: Not Found for url: /dev/dev/items?id=a6c64deb-44f5-42e0-9252-142928887115'),1
GET,/dev/dev/items?id=837e77f5-a986-43fa-b0aa-5667576a1549,HTTPError('404 Client Error: Not Found for url: /dev/dev/items?id=837e77f5-a986-43fa-b0aa-5667576a1549'),1
DELETE,/dev/dev/items?id=77989e3f-0b98-46d9-843f-ca9983097411,HTTPError('404 Client Error: Not Found for url: /dev/dev/items?id=77989e3f-0b98-46d9-843f-ca9983097411'),1
DELETE,/dev/dev/items?id=294884dd-e53d-434f-b004-f70dc144be5a,HTTPError('404 Client Error: Not Found for url: /dev/dev/items?id=294884dd-e53d-434f-b004-f70dc144be5a'),1
GET,/dev/dev/items?id=e9586839-9702-4e93-8bb8-a5997aadd735,HTTPError('404 Client Error: Not Found for url: /dev/dev/items?id=e9586839-9702-4e93-8bb8-a5997aadd735'),1
GET,/dev/dev/items?id=4b7cc49d-21e3-42de-80cf-78a890fef63e,HTTPError('404 Client Error: Not Found for url: /dev/dev/items?id=4b7cc49d-21e3-42de-80cf-78a890fef63e'),1
DELETE,/dev/dev/items?id=cbc28f52-b5f8-4bc3-8a9a-949d2ddbde2d,HTTPError('404 Client Error: Not Found for url: /dev/dev/items?id=cbc28f52-b5f8-4bc3-8a9a-949d2ddbde2d'),1
DELETE,/dev/dev/items?id=78c45a95-5f4c-4272-b0da-f81d7075a964,HTTPError('404 Client Error: Not Found for url: /dev/dev/items?id=78c45a95-5f4c-4272-b0da-f81d7075a964'),1
DELETE,/dev/dev/items?id=751f8415-7880-4970-85f9-6f82bbedeeeb,HTTPError('404 Client Error: Not Found for url: /dev/dev/items?id=751f8415-7880-4970-85f9-6f82bbedeeeb'),1
DELETE,/dev/dev/items?id=ab6fd662-477b-4443-87bf-d72fa3ab9baa,HTTPError('404 Client Error: Not Found for url: /dev/dev/items?id=ab6fd662-477b-4443-87bf-d72fa3ab9baa'),1
GET,/dev/dev/items?id=ce4205f0-c534-4c2a-a286-2f903e2d81fa,HTTPError('404 Client Error: Not Found for url: /dev/dev/items?id=ce4205f0-c534-4c2a-a286-2f903e2d81fa'),1
GET,/dev/dev/items?id=5fcbd8b5-f895-4ece-8983-b0e799c8a3e9,HTTPError('404 Client Error: Not Found for url: /dev/dev/items?id=5fcbd8b5-f895-4ece-8983-b0e799c8a3e9'),1
GET,/dev/dev/items?id=2523e1ae-b3a7-40f8-a5c8-994f32a6116f,HTTPError('404 Client Error: Not Found for url: /dev/dev/items?id=2523e1ae-b3a7-40f8-a5c8-994f32a6116f'),1
DELETE,/dev/dev/items?id=7caa127a-a6cb-4d69-9c1f-3bced862cbfb,HTTPError('404 Client Error: Not Found for url: /dev/dev/items?id=7caa127a-a6cb-4d69-9c1f-3bced862cbfb'),1
GET,/dev/dev/items?id=6e910d73-0cb3-4aec-b240-80749313ba36,HTTPError('404 Client Error: Not Found for url: /dev/dev/items?id=6e910d73-0cb3-4aec-b240-80749313ba36'),1
GET,/dev/dev/items?id=14617aba-380d-4335-a2da-ede65814f521,HTTPError('404 Client Error: Not Found for url: /dev/dev/items?id=14617aba-380d-4335-a2da-ede65814f521'),1
DELETE,/dev/dev/items?id=0c58a0ef-0b0e-49c4-af91-9f426e20c2e3,HTTPError('404 Client Error: Not Found for url: /dev/dev/items?id=0c58a0ef-0b0e-49c4-af91-9f426e20c2e3'),1
GET,/dev/dev/items?id=2c0ae972-3e17-4018-abe7-8abfd437fba8,HTTPError('404 Client Error: Not Found for url: /dev/dev/items?id=2c0ae972-3e17-4018-abe7-8abfd437fba8'),1
GET,/dev/dev/items?id=3f73f746-3e2b-4f1c-aeb4-bec9b0da0f3e,HTTPError('404 Client Error: Not Found for url: /dev/dev/items?id=3f73f746-3e2b-4f1c-aeb4-bec9b0da0f3e'),1
DELETE,/dev/dev/items?id=a7f2aadb-019c-4183-9a6e-b435577fcb2b,HTTPError('404 Client Error: Not Found for url: /dev/dev/items?id=a7f2aadb-019c-4183-9a6e-b435577fcb2b'),1
GET,/dev/dev/items?id=e438fc85-7c5b-41cc-8b23-c9bdf808ee99,HTTPError('404 Client Error: Not Found for url: /dev/dev/items?id=e438fc85-7c5b-41cc-8b23-c9bdf808ee99'),1
DELETE,/dev/dev/items?id=f43c51e7-3361-4d6a-9a31-5c7205349679,HTTPError('404 Client Error: Not Found for url: /dev/dev/items?id=f43c51e7-3361-4d6a-9a31-5c7205349679'),1
DELETE,/dev/dev/items?id=4481dde6-9c61-4877-97f4-a6b86c859a0d,HTTPError('404 Client Error: Not Found for url: /dev/dev/items?id=4481dde6-9c61-4877-97f4-a6b86c859a0d'),1
DELETE,/dev/dev/items?id=2ac231e4-b70c-432f-8c0a-0faecd6b7545,HTTPError('404 Client Error: Not Found for url: /dev/dev/items?id=2ac231e4-b70c-432f-8c0a-0faecd6b7545'),1
DELETE,/dev/dev/items?id=82081ded-10bf-4d49-8227-17e4156b09e0,HTTPError('404 Client Error: Not Found for url: /dev/dev/items?id=82081ded-10bf-4d49-8227-17e4156b09e0'),1
DELETE,/dev/dev/items?id=c73e5493-9f22-4790-8d66-bcca9ddd2117,HTTPError('404 Client Error: Not Found for url: /dev/dev/items?id=c73e5493-9f22-4790-8d66-bcca9ddd2117'),1
GET,/dev/dev/items?id=8e926f8d-9864-43e4-b70e-664028f380fd,HTTPError('404 Client Error: Not Found for url: /dev/dev/items?id=8e926f8d-9864-43e4-b70e-664028f380fd'),1
GET,/dev/dev/items?id=13a4e270-fe78-4799-a231-348f1c19b89e,HTTPError('404 Client Error: Not Found for url: /dev/dev/items?id=13a4e270-fe78-4799-a231-348f1c19b89e'),1
DELETE,/dev/dev/items?id=7bc1a805-5fbc-4aa5-b821-67b57ef38f7e,HTTPError('404 Client Error: Not Found for url: /dev/dev/items?id=7bc1a805-5fbc-4aa5-b821-67b57ef38f7e'),1
GET,/dev/dev/items?id=4d282a25-3898-4d10-bc13-58cc7e8411b1,HTTPError('404 Client Error: Not Found for url: /dev/dev/items?id=4d282a25-3898-4d10-bc13-58cc7e8411b1'),1
GET,/dev/dev/items?id=2dfe12c1-1f46-4194-affe-0a65c953bbe3,HTTPError('404 Client Error: Not Found for url: /dev/dev/items?id=2dfe12c1-1f46-4194-affe-0a65c953bbe3'),1
GET,/dev/dev/items?id=9d469d17-289c-4920-b41d-a6a8354d03db,HTTPError('404 Client Error: Not Found for url: /dev/dev/items?id=9d469d17-289c-4920-b41d-a6a8354d03db'),1
DELETE,/dev/dev/items?id=e950a17d-95ad-43d6-bc4b-f85ec0cc0538,HTTPError('404 Client Error: Not Found for url: /dev/dev/items?id=e950a17d-95ad-43d6-bc4b-f85ec0cc0538'),1
GET,/dev/dev/items?id=8f1fcfa2-cf11-411b-b2ed-194703fd3ddd,HTTPError('404 Client Error: Not Found for url: /dev/dev/items?id=8f1fcfa2-cf11-411b-b2ed-194703fd3ddd'),1
GET,/dev/dev/items?id=2d0aa1ad-5092-458a-8af2-9a08118410ed,HTTPError('404 Client Error: Not Found for url: /dev/dev/items?id=2d0aa1ad-5092-458a-8af2-9a08118410ed'),1
DELETE,/dev/dev/items?id=d7d932f9-0bc5-4092-b154-1c47252eab57,HTTPError('404 Client Error: Not Found for url: /dev/dev/items?id=d7d932f9-0bc5-4092-b154-1c47252eab57'),1
GET,/dev/dev/items?id=d55f6b64-9a7f-426d-9ce2-758e57b0dace,HTTPError('404 Client Error: Not Found for url: /dev/dev/items?id=d55f6b64-9a7f-426d-9ce2-758e57b0dace'),1
GET,/dev/dev/items?id=58b05fef-dbe5-468e-bb15-0cb1bba4bbd0,HTTPError('404 Client Error: Not Found for url: /dev/dev/items?id=58b05fef-dbe5-468e-bb15-0cb1bba4bbd0'),1
GET,/dev/dev/items?id=3de7ad80-af36-4959-8f89-5f0ad118eb11,HTTPError('404 Client Error: Not Found for url: /dev/dev/items?id=3de7ad80-af36-4959-8f89-5f0ad118eb11'),1
GET,/dev/dev/items?id=f21c374c-364d-4368-b33b-2e46bd865ba5,HTTPError('404 Client Error: Not Found for url: /dev/dev/items?id=f21c374c-364d-4368-b33b-2e46bd865ba5'),1
DELETE,/dev/dev/items?id=18cb05c0-d283-46f6-b02c-0fef6e31c075,HTTPError('404 Client Error: Not Found for url: /dev/dev/items?id=18cb05c0-d283-46f6-b02c-0fef6e31c075'),1
GET,/dev/dev/items?id=406a2abc-ec12-458f-8d9b-baea2d832859,HTTPError('404 Client Error: Not Found for url: /dev/dev/items?id=406a2abc-ec12-458f-8d9b-baea2d832859'),1
GET,/dev/dev/items?id=1be05649-0498-49f6-a0ee-07658df5f2fb,HTTPError('404 Client Error: Not Found for url: /dev/dev/items?id=1be05649-0498-49f6-a0ee-07658df5f2fb'),1
GET,/dev/dev/items?id=7c441957-887b-4596-9357-35574183c26f,HTTPError('404 Client Error: Not Found for url: /dev/dev/items?id=7c441957-887b-4596-9357-35574183c26f'),1
GET,/dev/dev/items?id=8a681501-062b-472d-b24a-268d0659fc47,HTTPError('404 Client Error: Not Found for url: /dev/dev/items?id=8a681501-062b-472d-b24a-268d0659fc47'),1
DELETE,/dev/dev/items?id=7770ad9a-0909-4b8e-ae6c-84da2a3df20e,HTTPError('404 Client Error: Not Found for url: /dev/dev/items?id=7770ad9a-0909-4b8e-ae6c-84da2a3df20e'),1
DELETE,/dev/dev/items?id=de1b7a26-4e46-4d41-bd99-7dc88b6a7d54,HTTPError('404 Client Error: Not Found for url: /dev/dev/items?id=de1b7a26-4e46-4d41-bd99-7dc88b6a7d54'),1
DELETE,/dev/dev/items?id=14485eb1-b7e4-4320-b0f9-0bea85eef61a,HTTPError('404 Client Error: Not Found for url: /dev/dev/items?id=14485eb1-b7e4-4320-b0f9-0bea85eef61a'),1
GET,/dev/dev/items?id=2d2306f9-36c7-4ff0-a07a-5be9c93a52af,HTTPError('404 Client Error: Not Found for url: /dev/dev/items?id=2d2306f9-36c7-4ff0-a07a-5be9c93a52af'),1
GET,/dev/dev/items?id=1297cdb1-ae04-4c68-8017-169a35f1291b,HTTPError('404 Client Error: Not Found for url: /dev/dev/items?id=1297cdb1-ae04-4c68-8017-169a35f1291b'),1
DELETE,/dev/dev/items?id=fcb164ac-ada6-463c-b4bc-2053f3875a68,HTTPError('404 Client Error: Not Found for url: /dev/dev/items?id=fcb164ac-ada6-463c-b4bc-2053f3875a68'),1
GET,/dev/dev/items?id=aa351b1f-16ce-432d-b69a-edb70c5dc419,HTTPError('404 Client Error: Not Found for url: /dev/dev/items?id=aa351b1f-16ce-432d-b69a-edb70c5dc419'),1
DELETE,/dev/dev/items?id=39f277f9-6c4e-4fdc-8077-222eef4f2cdf,HTTPError('404 Client Error: Not Found for url: /dev/dev/items?id=39f277f9-6c4e-4fdc-8077-222eef4f2cdf'),1
DELETE,/dev/dev/items?id=3e2d3588-ae95-425c-82d8-2fdf65e137e2,HTTPError('404 Client Error: Not Found for url: /dev/dev/items?id=3e2d3588-ae95-425c-82d8-2fdf65e137e2'),1
GET,/dev/dev/items?id=3adbcdc6-6260-4080-90bb-47f1b797a6b2,HTTPError('404 Client Error: Not Found for url: /dev/dev/items?id=3adbcdc6-6260-4080-90bb-47f1b797a6b2'),1
DELETE,/dev/dev/items?id=2fd86424-b541-4107-bc9c-61f79bba49f2,HTTPError('404 Client Error: Not Found for url: /dev/dev/items?id=2fd86424-b541-4107-bc9c-61f79bba49f2'),1
GET,/dev/dev/items?id=75429179-683e-4f36-8277-8399d43da531,HTTPError('404 Client Error: Not Found for url: /dev/dev/items?id=75429179-683e-4f36-8277-8399d43da531'),1
DELETE,/dev/dev/items?id=e5e66bc1-c332-4bdf-a88e-b3815fa934e1,HTTPError('404 Client Error: Not Found for url: /dev/dev/items?id=e5e66bc1-c332-4bdf-a88e-b3815fa934e1'),1
DELETE,/dev/dev/items?id=68b30fa0-aa26-41b5-b6dd-d78c5eec4204,HTTPError('404 Client Error: Not Found for url: /dev/dev/items?id=68b30fa0-aa26-41b5-b6dd-d78c5eec4204'),1
DELETE,/dev/dev/items?id=e6bd765e-a2a6-424f-aba0-24523da61bf5,HTTPError('404 Client Error: Not Found for url: /dev/dev/items?id=e6bd765e-a2a6-424f-aba0-24523da61bf5'),1
GET,/dev/dev/items?id=91e6a267-66e1-4d6f-b063-4a9d7b52965a,HTTPError('404 Client Error: Not Found for url: /dev/dev/items?id=91e6a267-66e1-4d6f-b063-4a9d7b52965a'),1
GET,/dev/dev/items?id=13e0cb18-0444-4996-ae5d-df60a0fe0987,HTTPError('404 Client Error: Not Found for url: /dev/dev/items?id=13e0cb18-0444-4996-ae5d-df60a0fe0987'),1
DELETE,/dev/dev/items?id=0e3e5621-953e-4506-a0bc-de84aff455f8,HTTPError('404 Client Error: Not Found for url: /dev/dev/items?id=0e3e5621-953e-4506-a0bc-de84aff455f8'),1
GET,/dev/dev/items?id=a56cc425-a56f-4d69-bff7-0ff343f9270c,HTTPError('404 Client Error: Not Found for url: /dev/dev/items?id=a56cc425-a56f-4d69-bff7-0ff343f9270c'),1
DELETE,/dev/dev/items?id=ba3190db-28e9-4c46-8b42-60c6ae2c7a19,HTTPError('404 Client Error: Not Found for url: /dev/dev/items?id=ba3190db-28e9-4c46-8b42-60c6ae2c7a19'),1
DELETE,/dev/dev/items?id=bac2bb68-ddf0-40c8-b7a3-8846ab0f638d,HTTPError('404 Client Error: Not Found for url: /dev/dev/items?id=bac2bb68-ddf0-40c8-b7a3-8846ab0f638d'),1
DELETE,/dev/dev/items?id=2f40c14a-b64f-4f58-97cf-c6abcf0b962b,HTTPError('404 Client Error: Not Found for url: /dev/dev/items?id=2f40c14a-b64f-4f58-97cf-c6abcf0b962b'),1
GET,/dev/dev/items?id=da8bdd3f-be66-445a-bdcd-7e8a6c040f79,HTTPError('404 Client Error: Not Found for url: /dev/dev/items?id=da8bdd3f-be66-445a-bdcd-7e8a6c040f79'),1
DELETE,/dev/dev/items?id=83d6e8ef-5caa-4fbe-84b2-136f47595adf,HTTPError('404 Client Error: Not Found for url: /dev/dev/items?id=83d6e8ef-5caa-4fbe-84b2-136f47595adf'),1
DELETE,/dev/dev/items?id=69b4e20c-c072-4d07-95ed-82d70737392e,HTTPError('404 Client Error: Not Found for url: /dev/dev/items?id=69b4e20c-c072-4d07-95ed-82d70737392e'),1
GET,/dev/dev/items?id=d50ce8e9-3fad-44af-9be9-a4d2ab9c916b,HTTPError('404 Client Error: Not Found for url: /dev/dev/items?id=d50ce8e9-3fad-44af-9be9-a4d2ab9c916b'),1
DELETE,/dev/dev/items?id=35238a30-052d-4bde-b8f1-a857531018b3,HTTPError('404 Client Error: Not Found for url: /dev/dev/items?id=35238a30-052d-4bde-b8f1-a857531018b3'),1
GET,/dev/dev/items?id=719cb6ac-7273-43c7-8a61-8c6cc7777851,HTTPError('404 Client Error: Not Found for url: /dev/dev/items?id=719cb6ac-7273-43c7-8a61-8c6cc7777851'),1
GET,/dev/dev/items?id=058e8807-4c37-4e68-9590-6f96c4a83846,HTTPError('404 Client Error: Not Found for url: /dev/dev/items?id=058e8807-4c37-4e68-9590-6f96c4a83846'),1
GET,/dev/dev/items?id=f44019f9-91ba-449a-b283-bc1cadaed274,HTTPError('404 Client Error: Not Found for url: /dev/dev/items?id=f44019f9-91ba-449a-b283-bc1cadaed274'),1
GET,/dev/dev/items?id=78df847a-22ab-4586-a067-a47558c0e3bc,HTTPError('404 Client Error: Not Found for url: /dev/dev/items?id=78df847a-22ab-4586-a067-a47558c0e3bc'),1
GET,/dev/dev/items?id=f270bc0e-e722-4a43-8413-e1ebe8ea82d0,HTTPError('404 Client Error: Not Found for url: /dev/dev/items?id=f270bc0e-e722-4a43-8413-e1ebe8ea82d0'),1
GET,/dev/dev/items?id=16e09e42-4294-4431-8179-f88a3b82bd23,HTTPError('404 Client Error: Not Found for url: /dev/dev/items?id=16e09e42-4294-4431-8179-f88a3b82bd23'),1
GET,/dev/dev/items?id=b84e8788-1f1f-41fe-b635-031b77c518cf,HTTPError('404 Client Error: Not Found for url: /dev/dev/items?id=b84e8788-1f1f-41fe-b635-031b77c518cf'),1
DELETE,/dev/dev/items?id=dea2b469-b329-4a55-81dd-c5d3f7de0370,HTTPError('404 Client Error: Not Found for url: /dev/dev/items?id=dea2b469-b329-4a55-81dd-c5d3f7de0370'),1
DELETE,/dev/dev/items?id=44b7792d-746d-4cf9-a2e6-837640d958c2,HTTPError('404 Client Error: Not Found for url: /dev/dev/items?id=44b7792d-746d-4cf9-a2e6-837640d958c2'),1
GET,/dev/dev/items?id=82123aa4-65d5-4579-832a-3a0ec8461281,HTTPError('404 Client Error: Not Found for url: /dev/dev/items?id=82123aa4-65d5-4579-832a-3a0ec8461281'),1
DELETE,/dev/dev/items?id=c1aaf715-f174-41f2-a215-b36439bd8dd6,HTTPError('404 Client Error: Not Found for url: /dev/dev/items?id=c1aaf715-f174-41f2-a215-b36439bd8dd6'),1
GET,/dev/dev/items?id=eb0649ae-b56a-4f13-aab9-acc5632abc04,HTTPError('404 Client Error: Not Found for url: /dev/dev/items?id=eb0649ae-b56a-4f13-aab9-acc5632abc04'),1
DELETE,/dev/dev/items?id=bc83f35e-37c9-40a1-91ae-a6f5da8f6ccc,HTTPError('404 Client Error: Not Found for url: /dev/dev/items?id=bc83f35e-37c9-40a1-91ae-a6f5da8f6ccc'),1
GET,/dev/dev/items?id=9c5958d9-46de-495d-9d09-95abb2d43549,HTTPError('404 Client Error: Not Found for url: /dev/dev/items?id=9c5958d9-46de-495d-9d09-95abb2d43549'),1
GET,/dev/dev/items?id=e8fd8d1d-128a-4a49-8fdf-07fa859b573c,HTTPError('404 Client Error: Not Found for url: /dev/dev/items?id=e8fd8d1d-128a-4a49-8fdf-07fa859b573c'),1
GET,/dev/dev/items?id=87926caf-eeb1-404a-bf1a-7d45a180cdce,HTTPError('404 Client Error: Not Found for url: /dev/dev/items?id=87926caf-eeb1-404a-bf1a-7d45a180cdce'),1
DELETE,/dev/dev/items?id=2c23c0ea-5cbe-4706-b9b8-8a4ba704dd35,HTTPError('404 Client Error: Not Found for url: /dev/dev/items?id=2c23c0ea-5cbe-4706-b9b8-8a4ba704dd35'),1
GET,/dev/dev/items?id=a2b66130-ff2f-4200-a7c3-0b8f4af20ea8,HTTPError('404 Client Error: Not Found for url: /dev/dev/items?id=a2b66130-ff2f-4200-a7c3-0b8f4af20ea8'),1
DELETE,/dev/dev/items?id=d710207e-c871-429d-9060-35f10f0aa270,HTTPError('404 Client Error: Not Found for url: /dev/dev/items?id=d710207e-c871-429d-9060-35f10f0aa270'),1
GET,/dev/dev/items?id=aab262e8-cef1-4686-b9f4-fffd17689569,HTTPError('404 Client Error: Not Found for url: /dev/dev/items?id=aab262e8-cef1-4686-b9f4-fffd17689569'),1
GET,/dev/dev/items?id=089e86b6-398f-44ce-9a53-46e3ab404dfe,HTTPError('404 Client Error: Not Found for url: /dev/dev/items?id=089e86b6-398f-44ce-9a53-46e3ab404dfe'),1
DELETE,/dev/dev/items?id=d50ce8e9-3fad-44af-9be9-a4d2ab9c916b,HTTPError('404 Client Error: Not Found for url: /dev/dev/items?id=d50ce8e9-3fad-44af-9be9-a4d2ab9c916b'),1
GET,/dev/dev/items?id=7333d979-b094-44df-b53f-13d21ce5eae3,HTTPError('404 Client Error: Not Found for url: /dev/dev/items?id=7333d979-b094-44df-b53f-13d21ce5eae3'),1
DELETE,/dev/dev/items?id=cd0d8823-da06-4fcd-a773-777dd8cbbd5b,HTTPError('404 Client Error: Not Found for url: /dev/dev/items?id=cd0d8823-da06-4fcd-a773-777dd8cbbd5b'),1
GET,/dev/dev/items?id=9d14830e-991d-4260-9a2f-3d092f389a90,HTTPError('404 Client Error: Not Found for url: /dev/dev/items?id=9d14830e-991d-4260-9a2f-3d092f389a90'),1
DELETE,/dev/dev/items?id=d2423bd2-c3e8-4142-9d42-5e962fa1d633,HTTPError('404 Client Error: Not Found for url: /dev/dev/items?id=d2423bd2-c3e8-4142-9d42-5e962fa1d633'),1
DELETE,/dev/dev/items?id=8213bacb-7930-4d60-8f9d-ec89490d3ba6,HTTPError('404 Client Error: Not Found for url: /dev/dev/items?id=8213bacb-7930-4d60-8f9d-ec89490d3ba6'),1
GET,/dev/dev/items?id=bed6dd58-03e3-4842-9fa8-1e5db60b12b3,HTTPError('404 Client Error: Not Found for url: /dev/dev/items?id=bed6dd58-03e3-4842-9fa8-1e5db60b12b3'),1
GET,/dev/dev/items?id=0f98e27f-0e5b-4de0-bffb-595c20e61da1,HTTPError('404 Client Error: Not Found for url: /dev/dev/items?id=0f98e27f-0e5b-4de0-bffb-595c20e61da1'),1
GET,/dev/dev/items?id=e94fb0bf-9285-4047-8e9f-a92a150257bf,HTTPError('404 Client Error: Not Found for url: /dev/dev/items?id=e94fb0bf-9285-4047-8e9f-a92a150257bf'),1
DELETE,/dev/dev/items?id=6d3c5e73-906c-451e-bda4-685a13b214ae,HTTPError('404 Client Error: Not Found for url: /dev/dev/items?id=6d3c5e73-906c-451e-bda4-685a13b214ae'),1
DELETE,/dev/dev/items?id=68317eb3-4252-4c0a-a538-47ea25f0383f,HTTPError('404 Client Error: Not Found for url: /dev/dev/items?id=68317eb3-4252-4c0a-a538-47ea25f0383f'),1
DELETE,/dev/dev/items?id=9fe94018-74c4-4900-999c-3864454cdcdc,HTTPError('404 Client Error: Not Found for url: /dev/dev/items?id=9fe94018-74c4-4900-999c-3864454cdcdc'),1
GET,/dev/dev/items?id=8361e293-ed83-4edc-b3f2-25331ceff059,HTTPError('404 Client Error: Not Found for url: /dev/dev/items?id=8361e293-ed83-4edc-b3f2-25331ceff059'),1
DELETE,/dev/dev/items?id=ee2f81b3-c4b5-411b-bac7-8a3867bdb1de,HTTPError('404 Client Error: Not Found for url: /dev/dev/items?id=ee2f81b3-c4b5-411b-bac7-8a3867bdb1de'),1
GET,/dev/dev,HTTPError('404 Client Error: Not Found for url: /dev/dev'),712
DELETE,/dev/dev/items?id=48386c78-c736-4adc-b14c-c53e5d6075ed,HTTPError('404 Client Error: Not Found for url: /dev/dev/items?id=48386c78-c736-4adc-b14c-c53e5d6075ed'),1
GET,/dev/dev/items?id=83bcfb27-70a6-422f-a47f-336230e0a045,HTTPError('404 Client Error: Not Found for url: /dev/dev/items?id=83bcfb27-70a6-422f-a47f-336230e0a045'),1
DELETE,/dev/dev/items?id=80a95838-d7b8-499a-a5ca-48a9731b254b,HTTPError('404 Client Error: Not Found for url: /dev/dev/items?id=80a95838-d7b8-499a-a5ca-48a9731b254b'),1
GET,/dev/dev/items?id=a02cf48b-ac65-422d-912e-371280456cfe,HTTPError('404 Client Error: Not Found for url: /dev/dev/items?id=a02cf48b-ac65-422d-912e-371280456cfe'),1
GET,/dev/dev/items?id=2ea2f06a-02b4-4974-8fff-22e3f1a12709,HTTPError('404 Client Error: Not Found for url: /dev/dev/items?id=2ea2f06a-02b4-4974-8fff-22e3f1a12709'),1
GET,/dev/dev/items?id=09ddf7c7-8220-45b9-9e70-0ffbc13dce87,HTTPError('404 Client Error: Not Found for url: /dev/dev/items?id=09ddf7c7-8220-45b9-9e70-0ffbc13dce87'),1
GET,/dev/dev/items?id=18927b9f-6d06-4c7f-b983-0d1c87810a54,HTTPError('404 Client Error: Not Found for url: /dev/dev/items?id=18927b9f-6d06-4c7f-b983-0d1c87810a54'),1
GET,/dev/dev/items?id=48f70b8c-3e0c-4cde-9dca-37507e906438,HTTPError('404 Client Error: Not Found for url: /dev/dev/items?id=48f70b8c-3e0c-4cde-9dca-37507e906438'),1
DELETE,/dev/dev/items?id=ecb63e31-ec7b-4d03-a2c2-6eeb056f689d,HTTPError('404 Client Error: Not Found for url: /dev/dev/items?id=ecb63e31-ec7b-4d03-a2c2-6eeb056f689d'),1
GET,/dev/dev/items?id=8d0d3dc8-c69c-4b52-9bc2-24c348029296,HTTPError('404 Client Error: Not Found for url: /dev/dev/items?id=8d0d3dc8-c69c-4b52-9bc2-24c348029296'),1
GET,/dev/dev/items?id=d710207e-c871-429d-9060-35f10f0aa270,HTTPError('404 Client Error: Not Found for url: /dev/dev/items?id=d710207e-c871-429d-9060-35f10f0aa270'),1
DELETE,/dev/dev/items?id=6b4372cc-17b0-4677-a2d7-3f128623fb5d,HTTPError('404 Client Error: Not Found for url: /dev/dev/items?id=6b4372cc-17b0-4677-a2d7-3f128623fb5d'),1
GET,/dev/dev/items?id=5786fbb9-13d3-4493-a38c-4160daad5171,HTTPError('404 Client Error: Not Found for url: /dev/dev/items?id=5786fbb9-13d3-4493-a38c-4160daad5171'),1
DELETE,/dev/dev/items?id=e06d79c4-08a1-4714-ae72-74b32092a9ac,HTTPError('404 Client Error: Not Found for url: /dev/dev/items?id=e06d79c4-08a1-4714-ae72-74b32092a9ac'),1
GET,/dev/dev/items?id=f7820ec8-2040-4262-bdce-6ec2347e81a5,HTTPError('404 Client Error: Not Found for url: /dev/dev/items?id=f7820ec8-2040-4262-bdce-6ec2347e81a5'),1
GET,/dev/dev/items?id=a756a2a1-80f7-434f-8a1e-9d22b92834e6,HTTPError('404 Client Error: Not Found for url: /dev/dev/items?id=a756a2a1-80f7-434f-8a1e-9d22b92834e6'),1
DELETE,/dev/dev/items?id=a2b66130-ff2f-4200-a7c3-0b8f4af20ea8,HTTPError('404 Client Error: Not Found for url: /dev/dev/items?id=a2b66130-ff2f-4200-a7c3-0b8f4af20ea8'),1
DELETE,/dev/dev/items?id=2d44dbd2-0542-43aa-a0d9-fdc5ea414489,HTTPError('404 Client Error: Not Found for url: /dev/dev/items?id=2d44dbd2-0542-43aa-a0d9-fdc5ea414489'),1
GET,/dev/dev/items?id=58c1af14-4a15-4918-b7d0-05ac03ff5cfb,HTTPError('404 Client Error: Not Found for url: /dev/dev/items?id=58c1af14-4a15-4918-b7d0-05ac03ff5cfb'),1
DELETE,/dev/dev/items?id=d341fc9b-f4e8-4d11-a582-dcf8731a1eda,HTTPError('404 Client Error: Not Found for url: /dev/dev/items?id=d341fc9b-f4e8-4d11-a582-dcf8731a1eda'),1
DELETE,/dev/dev/items?id=b84e8788-1f1f-41fe-b635-031b77c518cf,HTTPError('404 Client Error: Not Found for url: /dev/dev/items?id=b84e8788-1f1f-41fe-b635-031b77c518cf'),1
GET,/dev/dev/items?id=a67d972c-df73-46e7-8c58-21b55a5197e1,HTTPError('404 Client Error: Not Found for url: /dev/dev/items?id=a67d972c-df73-46e7-8c58-21b55a5197e1'),1
DELETE,/dev/dev/items?id=81da1ee2-b38d-4f9d-ab7e-8ed2fb6b6a7f,HTTPError('404 Client Error: Not Found for url: /dev/dev/items?id=81da1ee2-b38d-4f9d-ab7e-8ed2fb6b6a7f'),1
GET,/dev/dev/items?id=6aa225ba-18b2-45a9-b7b3-a20128086348,HTTPError('404 Client Error: Not Found for url: /dev/dev/items?id=6aa225ba-18b2-45a9-b7b3-a20128086348'),1
DELETE,/dev/dev/items?id=f489f777-69bc-4019-bf9a-de1520a9ceb3,HTTPError('404 Client Error: Not Found for url: /dev/dev/items?id=f489f777-69bc-4019-bf9a-de1520a9ceb3'),1
DELETE,/dev/dev/items?id=5c4d1b78-692b-49e4-acee-651f4a65883e,HTTPError('404 Client Error: Not Found for url: /dev/dev/items?id=5c4d1b78-692b-49e4-acee-651f4a65883e'),1
DELETE,/dev/dev/items?id=49145e27-5e8a-4346-9984-cb8b843371ef,HTTPError('404 Client Error: Not Found for url: /dev/dev/items?id=49145e27-5e8a-4346-9984-cb8b843371ef'),1
DELETE,/dev/dev/items?id=3d107417-f97c-43a9-bbc5-116bb35331c3,HTTPError('404 Client Error: Not Found for url: /dev/dev/items?id=3d107417-f97c-43a9-bbc5-116bb35331c3'),1
DELETE,/dev/dev/items?id=c5199368-1423-471c-b2df-b68af9e77fd8,HTTPError('404 Client Error: Not Found for url: /dev/dev/items?id=c5199368-1423-471c-b2df-b68af9e77fd8'),1
GET,/dev/dev/items?id=ece4ec79-0572-4f23-9155-363804e4e081,HTTPError('404 Client Error: Not Found for url: /dev/dev/items?id=ece4ec79-0572-4f23-9155-363804e4e081'),1
GET,/dev/dev/items?id=25ffad98-d6bc-44cc-985d-855a433faa49,HTTPError('404 Client Error: Not Found for url: /dev/dev/items?id=25ffad98-d6bc-44cc-985d-855a433faa49'),1
GET,/dev/dev/items?id=f6beb659-d168-4ae7-990e-e104486bf761,HTTPError('404 Client Error: Not Found for url: /dev/dev/items?id=f6beb659-d168-4ae7-990e-e104486bf761'),1
GET,/dev/dev/items?id=fb39c4ec-269f-443a-bfaa-3c5377703642,HTTPError('404 Client Error: Not Found for url: /dev/dev/items?id=fb39c4ec-269f-443a-bfaa-3c5377703642'),1
DELETE,/dev/dev/items?id=33a24c1d-9704-4528-b1ee-b73f770ed58a,HTTPError('404 Client Error: Not Found for url: /dev/dev/items?id=33a24c1d-9704-4528-b1ee-b73f770ed58a'),1
DELETE,/dev/dev/items?id=d11afdb7-659f-4049-b46f-acbb165fba7b,HTTPError('404 Client Error: Not Found for url: /dev/dev/items?id=d11afdb7-659f-4049-b46f-acbb165fba7b'),1
DELETE,/dev/dev/items?id=5f0ccffa-0005-49e5-8863-833b688ca48e,HTTPError('404 Client Error: Not Found for url: /dev/dev/items?id=5f0ccffa-0005-49e5-8863-833b688ca48e'),1
GET,/dev/dev/items?id=58e3608c-0b58-41e5-ad92-b7bedd7cdd8c,HTTPError('404 Client Error: Not Found for url: /dev/dev/items?id=58e3608c-0b58-41e5-ad92-b7bedd7cdd8c'),1
DELETE,/dev/dev/items?id=97dd01f2-cf4c-4d9a-8417-ea678792014a,HTTPError('404 Client Error: Not Found for url: /dev/dev/items?id=97dd01f2-cf4c-4d9a-8417-ea678792014a'),1
GET,/dev/dev/items?id=23dda76e-34ca-4ef2-8bc5-aaaa0e49e74e,HTTPError('404 Client Error: Not Found for url: /dev/dev/items?id=23dda76e-34ca-4ef2-8bc5-aaaa0e49e74e'),1
DELETE,/dev/dev/items?id=da67e245-f33b-4a7c-a9a2-6aa910ab7ac3,HTTPError('404 Client Error: Not Found for url: /dev/dev/items?id=da67e245-f33b-4a7c-a9a2-6aa910ab7ac3'),1
GET,/dev/dev/items?id=5b0067e4-46c7-4148-91b7-847fb92feac2,HTTPError('404 Client Error: Not Found for url: /dev/dev/items?id=5b0067e4-46c7-4148-91b7-847fb92feac2'),1
DELETE,/dev/dev/items?id=5dcf88a6-1734-4f15-9b79-0345443772ff,HTTPError('404 Client Error: Not Found for url: /dev/dev/items?id=5dcf88a6-1734-4f15-9b79-0345443772ff'),1
GET,/dev/dev/items?id=ee2f81b3-c4b5-411b-bac7-8a3867bdb1de,HTTPError('404 Client Error: Not Found for url: /dev/dev/items?id=ee2f81b3-c4b5-411b-bac7-8a3867bdb1de'),1
GET,/dev/dev/items?id=b4ae2fdf-9dad-45f2-993f-a9e91ba54ce5,HTTPError('404 Client Error: Not Found for url: /dev/dev/items?id=b4ae2fdf-9dad-45f2-993f-a9e91ba54ce5'),1
DELETE,/dev/dev/items?id=61cd97b1-ca7f-4f15-af04-7522f9e3466d,HTTPError('404 Client Error: Not Found for url: /dev/dev/items?id=61cd97b1-ca7f-4f15-af04-7522f9e3466d'),1
GET,/dev/dev/items?id=fb725688-31ed-4373-8368-014fdbac551f,HTTPError('404 Client Error: Not Found for url: /dev/dev/items?id=fb725688-31ed-4373-8368-014fdbac551f'),1
DELETE,/dev/dev/items?id=c926999c-98e5-4164-adf9-7da204c22172,HTTPError('404 Client Error: Not Found for url: /dev/dev/items?id=c926999c-98e5-4164-adf9-7da204c22172'),1
DELETE,/dev/dev/items?id=aa9eae27-ee3f-4438-b91d-acabc26da8ec,HTTPError('404 Client Error: Not Found for url: /dev/dev/items?id=aa9eae27-ee3f-4438-b91d-acabc26da8ec'),1
DELETE,/dev/dev/items?id=187ca57a-89e5-446b-98b6-08f5dc06d12e,HTTPError('404 Client Error: Not Found for url: /dev/dev/items?id=187ca57a-89e5-446b-98b6-08f5dc06d12e'),1
GET,/dev/dev/items?id=9de5251b-60cc-42c7-8082-542321287395,HTTPError('404 Client Error: Not Found for url: /dev/dev/items?id=9de5251b-60cc-42c7-8082-542321287395'),1
DELETE,/dev/dev/items?id=13e0cb18-0444-4996-ae5d-df60a0fe0987,HTTPError('404 Client Error: Not Found for url: /dev/dev/items?id=13e0cb18-0444-4996-ae5d-df60a0fe0987'),1
GET,/dev/dev/items?id=51080802-000a-4ff3-81d4-e3fd8ac4bbc6,HTTPError('404 Client Error: Not Found for url: /dev/dev/items?id=51080802-000a-4ff3-81d4-e3fd8ac4bbc6'),1
DELETE,/dev/dev/items?id=6de33e59-079d-42a4-a9dc-be0ceadbb541,HTTPError('404 Client Error: Not Found for url: /dev/dev/items?id=6de33e59-079d-42a4-a9dc-be0ceadbb541'),1
GET,/dev/dev/items?id=925e84e2-c470-4114-87f4-07a219004b5d,HTTPError('404 Client Error: Not Found for url: /dev/dev/items?id=925e84e2-c470-4114-87f4-07a219004b5d'),1
GET,/dev/dev/items?id=3df2ae4f-00b4-4448-8640-60a8bfceff28,HTTPError('404 Client Error: Not Found for url: /dev/dev/items?id=3df2ae4f-00b4-4448-8640-60a8bfceff28'),1
DELETE,/dev/dev/items?id=b916386a-4e8c-421f-ba30-e2adf6d69ef1,HTTPError('404 Client Error: Not Found for url: /dev/dev/items?id=b916386a-4e8c-421f-ba30-e2adf6d69ef1'),1
DELETE,/dev/dev/items?id=94130c03-c9d2-4342-bea4-ebf6405d527e,HTTPError('404 Client Error: Not Found for url: /dev/dev/items?id=94130c03-c9d2-4342-bea4-ebf6405d527e'),1
GET,/dev/dev/items?id=20b7a0a4-5998-4f8e-9be4-6299b18e57e6,HTTPError('404 Client Error: Not Found for url: /dev/dev/items?id=20b7a0a4-5998-4f8e-9be4-6299b18e57e6'),1
GET,/dev/dev/items?id=9c032caf-d0c6-4e6f-8847-9ae35382169d,HTTPError('404 Client Error: Not Found for url: /dev/dev/items?id=9c032caf-d0c6-4e6f-8847-9ae35382169d'),1
GET,/dev/dev/items?id=4481dde6-9c61-4877-97f4-a6b86c859a0d,HTTPError('404 Client Error: Not Found for url: /dev/dev/items?id=4481dde6-9c61-4877-97f4-a6b86c859a0d'),1
DELETE,/dev/dev/items?id=32d3d175-6d4c-4b50-b712-67338757a48a,HTTPError('404 Client Error: Not Found for url: /dev/dev/items?id=32d3d175-6d4c-4b50-b712-67338757a48a'),1
DELETE,/dev/dev/items?id=4cef6017-bf89-4838-be48-361e3e103494,HTTPError('404 Client Error: Not Found for url: /dev/dev/items?id=4cef6017-bf89-4838-be48-361e3e103494'),1
GET,/dev/dev/items?id=b65f075c-bb49-4b04-b793-907c782d596a,HTTPError('404 Client Error: Not Found for url: /dev/dev/items?id=b65f075c-bb49-4b04-b793-907c782d596a'),1
GET,/dev/dev/items?id=6cdfac59-8101-43ad-9397-4d5dc75e4c55,HTTPError('404 Client Error: Not Found for url: /dev/dev/items?id=6cdfac59-8101-43ad-9397-4d5dc75e4c55'),1
GET,/dev/dev/items?id=a9047c18-b6b6-4bcb-b051-7b6f0b683437,HTTPError('404 Client Error: Not Found for url: /dev/dev/items?id=a9047c18-b6b6-4bcb-b051-7b6f0b683437'),1
DELETE,/dev/dev/items?id=0f98e27f-0e5b-4de0-bffb-595c20e61da1,HTTPError('404 Client Error: Not Found for url: /dev/dev/items?id=0f98e27f-0e5b-4de0-bffb-595c20e61da1'),1
DELETE,/dev/dev/items?id=711c3794-f76c-4d0e-83be-972ad71cbc16,HTTPError('404 Client Error: Not Found for url: /dev/dev/items?id=711c3794-f76c-4d0e-83be-972ad71cbc16'),1
DELETE,/dev/dev/items?id=cdb67e00-e9d4-4bc7-8450-1a4d109a2d43,HTTPError('404 Client Error: Not Found for url: /dev/dev/items?id=cdb67e00-e9d4-4bc7-8450-1a4d109a2d43'),1
GET,/dev/dev/items?id=2d3b44da-ca9b-4e90-af81-7e21c57a0129,HTTPError('404 Client Error: Not Found for url: /dev/dev/items?id=2d3b44da-ca9b-4e90-af81-7e21c57a0129'),1
DELETE,/dev/dev/items?id=d3673a31-ecf3-41e7-92fb-d7396096ec2a,HTTPError('404 Client Error: Not Found for url: /dev/dev/items?id=d3673a31-ecf3-41e7-92fb-d7396096ec2a'),1
GET,/dev/dev/items?id=2a3f1c5c-57fe-4441-92c3-d9ae55f62c71,HTTPError('404 Client Error: Not Found for url: /dev/dev/items?id=2a3f1c5c-57fe-4441-92c3-d9ae55f62c71'),1
DELETE,/dev/dev/items?id=390b0bf2-312b-48a3-b194-39503c6e2a23,HTTPError('404 Client Error: Not Found for url: /dev/dev/items?id=390b0bf2-312b-48a3-b194-39503c6e2a23'),1
DELETE,/dev/dev/items?id=0b15a5e8-0cb4-4fd6-b93b-acba538f30e1,HTTPError('404 Client Error: Not Found for url: /dev/dev/items?id=0b15a5e8-0cb4-4fd6-b93b-acba538f30e1'),1
DELETE,/dev/dev/items?id=58c1af14-4a15-4918-b7d0-05ac03ff5cfb,HTTPError('404 Client Error: Not Found for url: /dev/dev/items?id=58c1af14-4a15-4918-b7d0-05ac03ff5cfb'),1
GET,/dev/dev/items?id=80f3b337-b346-49e4-9a2b-ac28a2e60e2d,HTTPError('404 Client Error: Not Found for url: /dev/dev/items?id=80f3b337-b346-49e4-9a2b-ac28a2e60e2d'),1
DELETE,/dev/dev/items?id=f90021b3-ec0b-4dd1-8aac-4502c777083a,HTTPError('404 Client Error: Not Found for url: /dev/dev/items?id=f90021b3-ec0b-4dd1-8aac-4502c777083a'),1
DELETE,/dev/dev/items?id=b3ecb237-971b-493c-b9c1-722aed755fa7,HTTPError('404 Client Error: Not Found for url: /dev/dev/items?id=b3ecb237-971b-493c-b9c1-722aed755fa7'),1
DELETE,/dev/dev/items?id=f44019f9-91ba-449a-b283-bc1cadaed274,HTTPError('404 Client Error: Not Found for url: /dev/dev/items?id=f44019f9-91ba-449a-b283-bc1cadaed274'),1
GET,/dev/dev/items?id=0f055dbb-f9e9-49a1-9565-073476a8b74d,HTTPError('404 Client Error: Not Found for url: /dev/dev/items?id=0f055dbb-f9e9-49a1-9565-073476a8b74d'),1
