Type,Name,Request Count,Failure Count,Median Response Time,Average Response Time,Min Response Time,Max Response Time,Average Content Size,Requests/s,Failures/s,50%,66%,75%,80%,90%,95%,98%,99%,99.9%,99.99%,100%
GET,/,54,0,240.0,418.99327036527984,131.6037999931723,3332.937699975446,44.0,1.8929755359947478,0.0,240,270,290,310,470,2100,2200,3300,3300,3300,3300
,Aggregated,54,0,240.0,418.99327036527984,131.6037999931723,3332.937699975446,44.0,1.8929755359947478,0.0,240,270,290,310,470,2100,2200,3300,3300,3300,3300
