Type,Name,Request Count,Failure Count,Median Response Time,Average Response Time,Min Response Time,Max Response Time,Average Content Size,Requests/s,Failures/s,50%,66%,75%,80%,90%,95%,98%,99%,99.9%,99.99%,100%
GET,/dev/,28,0,110.0,224.64793210383505,101.10119986347854,1708.9100000448525,42.0,0.9354138873788573,0.0,110,110,120,120,900,930,1700,1700,1700,1700,1700
POST,/dev/items,31,0,120.0,209.92235483361347,111.50420014746487,1714.0903000254184,81.0,1.035636803883735,0.0,120,130,130,140,160,900,1700,1700,1700,1700,1700
PUT,/dev/items,31,0,120.0,139.96954514614998,112.73980000987649,678.9804000873119,89.0,1.035636803883735,0.0,120,120,120,120,130,160,680,680,680,680,680
DELETE,/dev/items?id=loadtest123,31,0,120.0,150.23069677784318,112.39179992116988,723.6822999548167,39.0,1.035636803883735,0.0,120,120,120,120,130,440,720,720,720,720,720
GET,/dev/items?id=loadtest123,31,0,120.0,122.57943548742801,109.6677000168711,145.4239001031965,39.096774193548384,1.035636803883735,0.0,120,120,120,120,140,140,150,150,150,150,150
,Aggregated,152,0,120.0,168.38095459541748,101.10119986347854,1714.0903000254184,58.33552631578947,5.077961102913797,0.0,120,120,120,130,140,440,900,1700,1700,1700,1700
