Type,Name,Request Count,Failure Count,Median Response Time,Average Response Time,Min Response Time,Max Response Time,Average Content Size,Requests/s,Failures/s,50%,66%,75%,80%,90%,95%,98%,99%,99.9%,99.99%,100%
GET,/dev/,7,0,1500.0,1171.9789999936309,307.4146001599729,2018.2256998959929,46.0,0.6778221641109735,0.0,1500,1800,1900,1900,2000,2000,2000,2000,2000,2000,2000
GET,/dev/this-does-not-exist,9,9,340.0,488.47225554183956,164.8192999418825,2006.1617998871952,22.0,0.8714856395712517,0.8714856395712517,340,370,390,390,2000,2000,2000,2000,2000,2000,2000
,Aggregated,16,9,340.0,787.5064562394982,164.8192999418825,2018.2256998959929,32.5,1.5493078036822252,0.8714856395712517,370,390,1800,1800,2000,2000,2000,2000,2000,2000,2000
