Type,Name,Request Count,Failure Count,Median Response Time,Average Response Time,Min Response Time,Max Response Time,Average Content Size,Requests/s,Failures/s,50%,66%,75%,80%,90%,95%,98%,99%,99.9%,99.99%,100%
GET,/dev/,112,0,190.0,261.0586866046236,104.6106000430882,3208.151299972087,46.0,1.8846309740261666,0.0,190,220,250,270,310,500,590,3200,3200,3200,3200
GET,/dev/this-does-not-exist,131,131,180.0,366.7644335717702,106.77900002337992,3255.8257000055164,22.0,2.2043451571198913,2.2043451571198913,180,200,230,260,310,1800,3200,3300,3300,3300,3300
,Aggregated,243,131,180.0,318.04408929061617,104.6106000430882,3255.8257000055164,33.06172839506173,4.088976131146058,2.2043451571198913,180,210,240,260,310,590,3200,3200,3300,3300,3300
